Krishna,A KONDURU,16,0.005648,314,0.002198,73,0.025769,5,0.001765,19,0.132274,4,0.001412
West Godavari,ACHANTA,0,0,0,0,0,0,0,0,0,0,0,0
Prakasam,ADDANKI,4,0.001412,385,0.002695,31,0.010943,5,0.001765,6,0.144333,8,0.002824
East Godavari,ADDATEEGALA,121,0.042713,1,0.000007,40,0.01412,4,0.001412,261,0.463012,21,0.007413
Kurnool,ADONI,38,0.013414,423,0.002961,310,0.10943,6,0.002118,9,0.256514,0,0
Anantapur,AGALI,7,0.002471,221,0.001547,148,0.052244,20,0.00706,30,0.485658,19,0.006707
Krishna,AGIRIPALLE,129,0.045537,311,0.002177,20,0.00706,1,0.000353,119,0.926637,4,0.001412
East Godavari,AINAVILLI,0,0,14,0.000098,0,0,0,0,1,0.00003,0,0
West Godavari,AKIVEEDU,0,0,1,0.000007,0,0,0,0,0,0,0,0
East Godavari,ALAMURU,0,0,1,0.000007,0,0,0,0,0,0,0,0
Kurnool,ALLAGADDA,11,0.003883,303,0.002121,35,0.012355,10,0.00353,19,0.176287,8,0.002824
East Godavari,ALLAVARAM,0,0,106,0.000742,0,0,0,0,2,0.000334,0,0
Nellore,ALLUR,0,0,4,0.000028,0,0,0,0,15,0.041172,0,0
Kurnool,ALUR,34,0.012002,430,0.00301,71,0.025063,27,0.009531,4,0.068617,11,0.003883
Anantapur,AMADAGUR,24,0.008472,771,0.005397,128,0.045184,16,0.005648,156,0.784231,27,0.009531
Srikakulam,AMADALAVALASA,0,0,49,0.000343,69,0.024357,34,0.012002,274,0.602666,11,0.003883
East Godavari,AMALAPURAM,0,0,46,0.000322,0,0,0,0,4,0.004633,0,0
Anantapur,AMARAPURAM,63,0.022239,589,0.004123,82,0.028946,17,0.006001,46,0.855573,15,0.005295
Guntur,AMARAVATHI,7,0.002471,418,0.002926,3,0.001059,0,0,15,0.09927,0,0
East Godavari,AMBAJIPETA,0,0,2,0.000014,0,0,0,0,0,0,0,0
Guntur,AMRUTHALUR,0,0,251,0.001757,0,0,0,0,0,0,0,0
Visakhapatnam,ANAKAPALLE,44,0.015532,464,0.003248,29,0.010237,5,0.001765,169,0.695414,0,0
Visakhapatnam,ANANDAPURAM,33,0.011649,175,0.001225,52,0.018356,10,0.00353,131,0.212991,0,0
Anantapur,ANANTAPUR MANDAL,19,0.006707,771,0.005397,158,0.055774,28,0.009884,38,0.824808,21,0.007413
Visakhapatnam,ANANTHAGIRI,121,0.042713,17,0.000119,34,0.012002,3,0.001059,25,0.214615,0,0
Nellore,ANANTHASAGARAM,58,0.020474,423,0.002961,2,0.000706,0,0,3,0.007838,4,0.001412
East Godavari,ANAPARTHI,0,0,12,0.000084,0,0,0,0,11,0,0,0
Nellore,ANUMASAMUDRAMPETA,27,0.009531,724,0.005068,13,0.004589,16,0.005648,54,0.366146,46,0.016238
Prakasam,ARDHAVEEDU,12,0.004236,869,0.006083,42,0.014826,39,0.013767,40,0.260688,10,0.00353
Visakhapatnam,ARAKU VALLEY,146,0.051538,0,0,1,0.000353,0,0,1,0.018,0,0
Kurnool,ASPARI,48,0.016944,214,0.001498,122,0.043066,20,0.00706,19,0.176681,9,0.003177
Guntur,ACHAMPETA,0,0,160,0.00112,1,0.000353,0,0,8,0.092074,0,0
Visakhapatnam,ATCHUTAPURAM,14,0.004942,60,0.00042,10,0.00353,1,0.000353,97,0.206149,1,0.000353
Kadapa,ATLUR,1,0.000353,427,0.002989,41,0.014473,11,0.003883,59,0.271749,7,0.002471
Anantapur,ATMAKUR,52,0.018356,893,0.006251,145,0.051185,13,0.004589,45,0.397915,11,0.003883
Kurnool,ATMAKUR (KURNOOL),14,0.004942,225,0.001575,116,0.040948,4,0.001412,23,0.484158,14,0.004942
Nellore,ATMAKUR (NELLORE),14,0.004942,468,0.003276,7,0.002471,5,0.001765,14,0.061342,3,0.001059
East Godavari,ATREYAPURAM,0,0,10,0.00007,0,0,0,0,2,0.001852,0,0
West Godavari,ATTILI,0,0,0,0,0,0,0,0,0,0,0,0
Krishna,AVANIGADA,0,0,45,0.000315,0,0,0,0,0,0,0,0
Kadapa,B KODUR,0,0,626,0.004382,55,0.019415,1,0.000353,15,0.040218,8,0.002824
Chittoor,B KOTHAKOTA,24,0.008472,448,0.003136,38,0.013414,7,0.002471,111,0.497489,9,0.003177
Vizianagaram,BADANGI,18,0.006354,685,0.004795,78,0.027534,5,0.001765,21,0.023495,0,0
Kadapa,BADVEL,4,0.001412,392,0.002744,52,0.018356,9,0.003177,40,0.078988,4,0.001412
Chittoor,BAIREDDI PALLE,3,0.001059,260,0.00182,38,0.013414,72,0.025416,168,0.594646,44,0.015532
Nellore,BALAYAPALLE,0,0,550,0.00385,16,0.005648,5,0.001765,74,0.658378,22,0.007766
Vizianagaram,BALAJIPETA,0,0,381,0.002667,2,0.000706,3,0.001059,22,0.028034,0,0
Prakasam,BALLIKURUVA,15,0.005295,365,0.002555,15,0.005295,6,0.002118,13,0.251404,16,0.005648
Kurnool,BANAGANAPALLE,83,0.029299,156,0.001092,124,0.043772,7,0.002471,31,0.376673,4,0.001412
Kurnool,BANDI ATMAKUR,41,0.014473,54,0.000378,12,0.004236,0,0,20,0.284209,0,0
Chittoor,BANGARUPALEM,56,0.019768,518,0.003626,73,0.025769,19,0.006707,113,0.380615,9,0.003177
Krishna,BANTUMILLI,0,0,31,0.000217,0,0,0,0,0,0,0,0
Guntur,BAPATLA,0,0,385,0.002695,0,0,0,0,9,0.138778,0,0
Krishna,BAPULAPAD,31,0.010943,248,0.001736,9,0.003177,6,0.002118,59,0.353066,15,0.005295
Anantapur,BATHALAPALLE,15,0.005295,1026,0.007182,115,0.040595,18,0.006354,68,0.815377,33,0.011649
Guntur,BELLAMKONDA,0,0,212,0.001484,1,0.000353,0,0,4,0.052174,0,0
Anantapur,BELUGUPPA,14,0.004942,764,0.005348,148,0.052244,32,0.011296,38,0.165734,25,0.008825
Prakasam,BESTAVARIPETA,46,0.016238,426,0.002982,161,0.056833,87,0.030711,29,0.33941,40,0.01412
Kurnool,BETHAMCHERLA,61,0.021533,146,0.001022,133,0.046949,34,0.012002,2,0.031445,11,0.003883
East Godavari,NELLIPAKA,0,0,0,0,0,0,0,0,48,0.085757,0,0
Srikakulam,BHAMINI,14,0.004942,146,0.001022,114,0.040242,20,0.00706,256,0.57502,4,0.001412
Guntur,BHATTIPROLU,0,0,219,0.001533,0,0,0,0,0,0,0,0
Visakhapatnam,BHEEMUNIPATNAM,12,0.004236,81,0.000567,27,0.009531,7,0.002471,38,0.112818,0,0
West Godavari,BHIMADOLE,0,0,659,0.004613,4,0.001412,0,0,36,0.244954,0,0
West Godavari,BHEEMAVARAM,0,0,0,0,0,0,0,0,0,0,0,0
Vizianagaram,BHOGHAPURAM,0,0,539,0.003773,66,0.023298,9,0.003177,83,0.147038,1,0.000353
East Godavari,BICCAVOLU,0,0,29,0.000203,0,0,0,0,25,1.022748,0,0
Vizianagaram,BOBBILI,0,0,1781,0.012467,62,0.021886,33,0.011649,17,0.046052,16,0.005648
Nellore,BOGOLE,0,0,91,0.000637,2,0.000706,0,0,78,0.154526,0,0
Guntur,BOLLAPALLE,639,0.225567,41,0.000287,29,0.010237,4,0.001412,19,0.242788,1,0.000353
Anantapur,BOMMANAHAL,1,0.000353,802,0.005614,30,0.01059,18,0.006354,5,0.077218,44,0.015532
Vizianagaram,BONDAPALLE,13,0.004589,2256,0.015792,165,0.058245,20,0.00706,443,1.323779,10,0.00353
Kadapa,BRAHMAMGARIMATTAM,32,0.011296,505,0.003535,112,0.039536,7,0.002471,2,0.00632,10,0.00353
Anantapur,BRAHMASAMUDRAM,99,0.034947,769,0.005383,132,0.046596,4,0.001412,78,0.520167,7,0.002471
Chittoor,BUCHINAIDU KHANDRI,22,0.007766,454,0.003178,24,0.008472,51,0.018003,141,0.722228,20,0.00706
Nellore,BUCCHIREDDIPALEM,0,0,31,0.000217,0,0,0,0,2,0.023353,0,0
Anantapur,BUKKAPATNAM,17,0.006001,475,0.003325,104,0.036712,11,0.003883,170,1.059856,24,0.008472
Anantapur,BUKKARAYASAMUDRAM,24,0.008472,501,0.003507,143,0.050479,41,0.014473,15,0.578425,9,0.003177
Srikakulam,BURJA,0,0,118,0.000826,236,0.083308,43,0.015179,484,0.635511,18,0.006354
Visakhapatnam,BUTCHAYYAPETA,57,0.020121,577,0.004039,42,0.014826,5,0.001765,123,0.34017,0,0
West Godavari,BUTTAYAGUDEM,146,0.051538,62,0.000434,94,0.033182,38,0.013414,75,0.376153,16,0.005648
Kurnool,C BELAGAL,21,0.007413,110,0.00077,199,0.070247,10,0.00353,0,0,4,0.001412
Kurnool,CHAGALAMARRI,37,0.013061,339,0.002373,67,0.023651,3,0.001059,6,0.137644,3,0.001059
West Godavari,CHAGALLU,0,0,0,0,0,0,0,0,0,0,0,0
Kadapa,CHAKNAYAPET,4,0.001412,165,0.001155,147,0.051891,65,0.022945,57,0.213132,43,0.015179
Krishna,CHALLAPALLE,0,0,16,0.000112,0,0,0,0,0,0,0,0
Krishna,CHANDARLAPADU,37,0.013061,185,0.001295,34,0.012002,10,0.00353,6,0.092449,4,0.001412
Chittoor,CHANDRAGIRI,36,0.012708,727,0.005089,43,0.015179,6,0.002118,9,0.028056,20,0.00706
Prakasam,CHADRASEKARAPURAM,53,0.018709,414,0.002898,91,0.032123,102,0.036006,45,0.246228,69,0.024357
Kadapa,CHAPAD,1,0.000353,206,0.001442,16,0.005648,0,0,0,0,0,0
Krishna,CHATRAI,3,0.001059,320,0.00224,29,0.010237,25,0.008825,110,2.10003,4,0.001412
Guntur,CHEBROLE,0,0,398,0.002786,0,0,0,0,0,0,0,0
Visakhapatnam,CHEEDIKADA,13,0.004589,250,0.00175,13,0.004589,3,0.001059,180,0.493193,3,0.001059
Vizianagaram,CHEEPURUPALLE,0,0,1451,0.010157,400,0.1412,6,0.002118,136,0.277941,11,0.003883
Nellore,CHEJERLA,0,0,219,0.001533,0,0,1,0.000353,36,0.074254,8,0.002824
Anantapur,CHENNE KOTHAPALLE,115,0.040595,1208,0.008456,113,0.039889,19,0.006707,50,0.718206,26,0.009178
Kadapa,CHENNUR,2,0.000706,10,0.00007,10,0.00353,2,0.000706,16,0.07847,2,0.000706
Guntur,CHERUKUPALLE,0,0,631,0.004417,0,0,0,0,0,0,0,0
Guntur,CHILAKALURIPET,0,0,607,0.004249,1,0.000353,2,0.000706,1,0.003309,0,0
Anantapur,CHILAMATHUR,32,0.011296,813,0.005691,157,0.055421,61,0.021533,93,0.906716,138,0.048714
Nellore,CHILLAKUR,0,0,130,0.00091,5,0.001765,0,0,6,0.009526,3,0.001059
Prakasam,CHIMAKURTHI,0,0,522,0.003654,52,0.018356,3,0.001059,22,0.3063,5,0.001765
Prakasam,CHINAGANJAM,0,0,59,0.000413,6,0.002118,1,0.000353,2,0.028366,0,0
Chittoor,CHINNAGOTTIGALLU,14,0.004942,216,0.001512,59,0.020827,64,0.022592,241,0.198145,40,0.01412
Kadapa,CHINNAMANDEM,4,0.001412,238,0.001666,184,0.064952,56,0.019768,164,0.20725,74,0.026122
West Godavari,CHINTALAPUDI,81,0.028593,424,0.002968,40,0.01412,5,0.001765,110,0.770226,0,0
Visakhapatnam,CHINTAPALLE,97,0.034241,0,0,4,0.001412,0,0,44,0.112475,0,0
Kadapa,CHINTHA KOMMADINNE,18,0.006354,284,0.001988,33,0.011649,9,0.003177,27,0.076034,2,0.000706
East Godavari,CHINTUR,0,0,74,0.000518,0,0,0,0,41,0.04016,1,0.000353
Kurnool,CHIPPAGIRI,20,0.00706,148,0.001036,37,0.013061,41,0.014473,1,0.054353,1,0.000353
Prakasam,CHIRALA,0,0,17,0.000119,0,0,0,0,1,0.054223,0,0
Nellore,CHITTAMUR,0,0,26,0.000182,0,0,1,0.000353,5,0.006555,64,0.022592
Chittoor,CHITTOOR MANDAL,12,0.004236,586,0.004102,55,0.019415,9,0.003177,94,0.250819,23,0.008119
Kadapa,CHITVEL,3,0.001059,329,0.002303,107,0.037771,4,0.001412,38,0.716249,28,0.009884
Visakhapatnam,CHODAVARAM,21,0.007413,338,0.002366,19,0.006707,2,0.000706,82,0.257314,1,0.000353
Chittoor,CHOWDEPALLE,5,0.001765,584,0.004088,69,0.024357,78,0.027534,264,0.916593,40,0.01412
Prakasam,CUMBUM,7,0.002471,298,0.002086,47,0.016591,30,0.01059,10,0.08899,11,0.003883
Anantapur,D HIRCHAL,28,0.009884,552,0.003864,176,0.062128,8,0.002824,25,0.232932,11,0.003883
Guntur,DACHEPALLE,0,0,221,0.001547,0,0,0,0,4,0.017604,0,0
Nellore,DAGADARTHI,0,0,121,0.000847,12,0.004236,3,0.001059,45,0.099914,11,0.003883
Nellore,DAKKILI,31,0.010943,316,0.002212,16,0.005648,0,0,1,0.001446,17,0.006001
Prakasam,DARSI,45,0.015885,248,0.001736,102,0.036006,44,0.015532,72,0.217041,16,0.005648
Vizianagaram,DATTIRAJERU,15,0.005295,2063,0.014441,175,0.061775,13,0.004589,339,0.845618,7,0.002471
West Godavari,DENDULURU,0,0,280,0.00196,0,0,0,0,58,0.773528,0,0
Vizianagaram,DENKADA,0,0,573,0.004011,190,0.06707,41,0.014473,146,0.616506,8,0.002824
Kurnool,DEVANAKONDA,62,0.021886,48,0.000336,403,0.142259,94,0.033182,23,0.225075,44,0.015532
Visakhapatnam,DEVARAPALLE (VISAKHAPATNAM),21,0.007413,170,0.00119,1,0.000353,8,0.002824,90,0.264006,6,0.002118
West Godavari,DEVARAPALLE,5,0.001765,268,0.001876,4,0.001412,0,0,29,0.38688,0,0
East Godavari,DEVIPATNAM,39,0.013767,3,0.000021,44,0.015532,8,0.002824,100,0.09809,0,0
Anantapur,DHARMAVARAM,58,0.020474,1072,0.007504,163,0.057539,18,0.006354,88,0.844087,41,0.014473
Kurnool,DHONE,61,0.021533,589,0.004123,211,0.074483,25,0.008825,16,0.190676,13,0.004589
Prakasam,DONAKONDA,32,0.011296,431,0.003017,81,0.028593,48,0.016944,44,0.269162,20,0.00706
Nellore,DORAVARISATRAM,0,0,137,0.000959,0,0,6,0.002118,2,0.022356,21,0.007413
Prakasam,DORNALA,170,0.06001,584,0.004088,82,0.028946,24,0.008472,35,0.812732,12,0.004236
Kurnool,DORNIPADU,15,0.005295,30,0.00021,0,0,10,0.00353,0,0,1,0.000353
Guntur,DUGGIRALA,0,0,89,0.000623,0,0,0,0,1,0.083833,0,0
Visakhapatnam,DUMBRIGUDA,81,0.028593,0,0,0,0,0,0,2,0.007095,0,0
Guntur,DURGI,195,0.068835,311,0.002177,11,0.003883,9,0.003177,11,0.651044,0,0
Nellore,DUTTALUR,56,0.019768,305,0.002135,48,0.016944,0,0,42,0.213984,9,0.003177
Kadapa,DUVVUR,3,0.001059,271,0.001897,50,0.01765,2,0.000706,7,0.008331,0,0
West Godavari,DWARAKA TIRUMALA,13,0.004589,1451,0.010157,4,0.001412,5,0.001765,103,0.455721,3,0.001059
Guntur,EDLAPADU,0,0,269,0.001883,0,0,0,0,7,0.009926,0,0
West Godavari,ELURU,0,0,53,0.000371,1,0.000353,0,0,10,0.038528,0,0
Srikakulam,ETCHERLA,4,0.001412,207,0.001449,85,0.030005,38,0.013414,209,0.145909,32,0.011296
Visakhapatnam,GUDEM KOTHAVEEDHI,90,0.03177,0,0,1,0.000353,0,0,0,0,0,0
Visakhapatnam,GANGARAJU MADUGULA,45,0.015885,0,0,0,0,0,0,100,0.109938,0,0
Krishna,G KONDURU,98,0.034594,436,0.003052,16,0.005648,6,0.002118,44,0.642664,10,0.00353
Kurnool,GADIVEMULA,31,0.010943,47,0.000329,19,0.006707,0,0,3,0.174264,1,0.000353
Vizianagaram,GAJAPATHINAGARAM,9,0.003177,1892,0.013244,181,0.063893,23,0.008119,154,0.267997,9,0.003177
Visakhapatnam,GAJUWAKA,9,0.003177,8,0.000056,0,0,0,0,5,0.004825,0,0
Kadapa,GALIVEEDU,8,0.002824,584,0.004088,108,0.038124,87,0.030711,330,0.946753,39,0.013767
Krishna,GAMPALAGUDEM,11,0.003883,572,0.004004,42,0.014826,15,0.005295,11,0.059818,5,0.001765
West Godavari,GANAPAVARAM,0,0,0,0,0,0,0,0,0,0,0,0
East Godavari,GANDEPALLE,19,0.006707,524,0.003668,14,0.004942,14,0.004942,101,0.213099,0,0
Anantapur,GANDLAPENTA,40,0.01412,722,0.005054,95,0.033535,21,0.007413,101,0.153443,60,0.02118
Chittoor,GANGADHARA NELLORE,6,0.002118,702,0.004914,64,0.022592,63,0.022239,136,0.399947,19,0.006707
Chittoor,GANGAVARAM,3,0.001059,467,0.003269,32,0.011296,58,0.020474,171,0.544345,23,0.008119
East Godavari,GANGAVARAM (EAST GODAVARI),192,0.067776,2,0.000014,17,0.006001,2,0.000706,102,0.193852,13,0.004589
Srikakulam,GANGUVARI SINGADAM,1,0.000353,180,0.00126,142,0.050126,4,0.001412,447,0.64839,8,0.002824
Krishna,GANNAVARAM,25,0.008825,214,0.001498,3,0.001059,6,0.002118,33,1.550762,0,0
Vizianagaram,GANTYADA,3,0.001059,984,0.006888,158,0.055774,36,0.012708,265,0.87281,14,0.004942
Srikakulam,GARA,1,0.000353,96,0.000672,32,0.011296,11,0.003883,182,0.308308,3,0.001059
Vizianagaram,GARIVIDI,13,0.004589,1464,0.010248,325,0.114725,25,0.008825,192,0.648181,12,0.004236
Anantapur,GARLADINNE,20,0.00706,653,0.004571,184,0.064952,14,0.004942,4,0.091685,28,0.009884
Vizianagaram,GARUGUBILLI,0,0,560,0.00392,2,0.000706,9,0.003177,53,0.149022,0,0
Krishna,GHANTASALA,0,0,27,0.000189,0,0,0,0,0,0,0,0
Prakasam,GIDDALURU,117,0.041301,856,0.005992,97,0.034241,52,0.018356,41,0.356596,44,0.015532
East Godavari,GOKAVARAM,71,0.025063,663,0.004641,20,0.00706,0,0,109,0.025989,2,0.000706
East Godavari,GOLLAPROLU,0,0,333,0.002331,22,0.007766,0,0,28,0.055538,0,0
Visakhapatnam,GOLUGONDA,12,0.004236,403,0.002821,76,0.026828,21,0.007413,110,0.205914,0,0
Kurnool,GONEGANDLA,40,0.01412,288,0.002016,51,0.018003,3,0.001059,2,0.005063,4,0.001412
Anantapur,GOOTY,13,0.004589,1064,0.007448,200,0.0706,16,0.005648,56,1.101763,27,0.009531
West Godavari,GOPALAPURAM,22,0.007766,664,0.004648,1,0.000353,10,0.00353,83,0.481867,0,0
Kadapa,GOPAVARAM,18,0.006354,473,0.003311,76,0.026828,10,0.00353,16,0.231414,5,0.001765
Anantapur,GORANTLA,26,0.009178,978,0.006846,182,0.064246,51,0.018003,202,1.637136,80,0.02824
Kurnool,GOSPADU,2,0.000706,228,0.001596,2,0.000706,1,0.000353,3,0.052818,0,0
Anantapur,GUDIBANDA,18,0.006354,806,0.005642,223,0.078719,19,0.006707,74,0.896018,34,0.012002
Chittoor,GUDIPALA,15,0.005295,567,0.003969,38,0.013414,42,0.014826,101,0.284778,12,0.004236
Krishna,GUDIVADA,0,0,1,0.000007,0,0,0,0,0,0,0,0
Krishna,GUDLAVALLERU,0,0,28,0.000196,0,0,0,0,0,0,0,0
Prakasam,GUDLURU,10,0.00353,636,0.004452,47,0.016591,2,0.000706,46,0.539243,36,0.012708
Chittoor,GUDI PALLE,15,0.005295,898,0.006286,104,0.036712,103,0.036359,124,0.137838,41,0.014473
Kurnool,GUDUR (KURNOOL),29,0.010237,117,0.000819,50,0.01765,1,0.000353,1,0.02177,2,0.000706
Nellore,GUDUR,0,0,306,0.002142,20,0.00706,4,0.001412,17,0.102026,33,0.011649
Krishna,GUDUR (KRISHNA),0,0,18,0.000126,0,0,0,0,0,0,0,0
Anantapur,GUMMAGATTA,5,0.001765,683,0.004781,104,0.036712,29,0.010237,24,0.272146,13,0.004589
Vizianagaram,GUMMALAKSHMIPURAM,111,0.039183,0,0,122,0.043066,5,0.001765,38,0.409441,9,0.003177
Anantapur,GUNTAKAL,31,0.010943,738,0.005166,140,0.04942,51,0.018003,26,0.767379,16,0.005648
Guntur,GUNTUR MANDAL,3,0.001059,74,0.000518,0,0,0,0,9,0.108554,0,0
Guntur,GURAZALA,2,0.000706,388,0.002716,2,0.000706,0,0,20,0.110777,0,0
Vizianagaram,GURLA,24,0.008472,1313,0.009191,197,0.069541,69,0.024357,149,0.43439,0,0
Chittoor,GURRAMKONDA,45,0.015885,167,0.001169,85,0.030005,19,0.006707,128,1.129737,32,0.011296
Kurnool,HALAHARVI,22,0.007766,219,0.001533,20,0.00706,3,0.001059,3,0.042637,7,0.002471
Prakasam,HANUMANTHUNIPADU,43,0.015179,294,0.002058,69,0.024357,101,0.035653,13,0.082983,50,0.01765
Anantapur,HINDUPUR,6,0.002118,230,0.00161,92,0.032476,40,0.01412,28,0.477876,31,0.010943
Srikakulam,HIRAMANDALAM,6,0.002118,157,0.001099,126,0.044478,24,0.008472,237,0.31744,3,0.001059
Kurnool,HOLAGUNDA,15,0.005295,158,0.001106,76,0.026828,18,0.006354,13,0.10331,7,0.002471
Visakhapatnam,HUKUMPETA,51,0.018003,0,0,0,0,0,0,0,0,0,0
East Godavari,I POLAVARAM,0,0,20,0.00014,0,0,0,0,0,0,0,0
Krishna,IBRAHIMPATNAM,27,0.009531,227,0.001589,5,0.001765,3,0.001059,9,0.214609,0,0
Srikakulam,ICHCHAPURAM,2,0.000706,30,0.00021,61,0.021533,41,0.014473,136,0.289982,10,0.00353
Nellore,INDUKURPET,0,0,0,0,0,0,0,0,0,0,0,0
Prakasam,INKOLLU,0,0,88,0.000616,1,0.000353,1,0.000353,2,0.019582,1,0.000353
Guntur,IPURU,247,0.087191,168,0.001176,1,0.000353,0,0,10,0.144111,0,0
West Godavari,IRAGAVARAM,0,0,0,0,0,0,0,0,0,0,0,0
Chittoor,IRALA,16,0.005648,232,0.001624,30,0.01059,7,0.002471,69,0.416193,27,0.009531
East Godavari,JAGGAMPETA,36,0.012708,479,0.003353,29,0.010237,0,0,148,0.159375,13,0.004589
Krishna,JAGGAYYAPETA,63,0.022239,661,0.004627,35,0.012355,4,0.001412,16,0.296698,0,0
Nellore,JALADANKI,27,0.009531,220,0.00154,5,0.001765,1,0.000353,57,0.15475,10,0.00353
Srikakulam,JALUMURU,0,0,147,0.001029,69,0.024357,47,0.016591,275,0.281765,7,0.002471
Vizianagaram,JAMI,0,0,530,0.00371,56,0.019768,21,0.007413,79,0.336116,0,0
Kadapa,JAMMALAMADUGU,4,0.001412,168,0.001176,78,0.027534,5,0.001765,22,0.073238,6,0.002118
Prakasam,JANAKAVARAMPANGULU,1,0.000353,473,0.003311,27,0.009531,18,0.006354,14,0.154304,6,0.002118
West Godavari,JANGAREDDIGUDEM,12,0.004236,728,0.005096,8,0.002824,12,0.004236,44,0.416357,16,0.005648
West Godavari,JEELUGUMILLI,64,0.022592,517,0.003619,33,0.011649,5,0.001765,33,0.19337,24,0.008472
Vizianagaram,JIYYAMMA VALASA,0,0,1,0.000007,60,0.02118,15,0.005295,1,0.000763,3,0.001059
Kurnool,JUPADU BUNGALOW,12,0.004236,26,0.000182,61,0.021533,5,0.001765,16,0.255978,1,0.000353
Visakhapatnam,K KOTAPADU,56,0.019768,485,0.003395,55,0.019415,27,0.009531,295,0.563276,0,0
Chittoor,K V B PURAM,60,0.02118,639,0.004473,35,0.012355,6,0.002118,174,1.023607,20,0.00706
Kadapa,CUDDAPAH MANDAL,2,0.000706,13,0.000091,1,0.000353,2,0.000706,10,0.04915,0,0
East Godavari,KADIAM,0,0,1,0.000007,0,0,0,0,16,0.231856,0,0
Anantapur,KADIRI,43,0.015179,585,0.004095,55,0.019415,12,0.004236,96,0.374619,23,0.008119
Krishna,KAIKALUR,0,0,0,0,0,0,0,0,0,0,0,0
East Godavari,KAJULURU,0,0,5,0.000035,0,0,0,0,0,0,0,0
East Godavari,KAKINADA (URBAN),0,0,26,0.000182,0,0,0,0,0,0,0,0
East Godavari,KAKINADA (RURAL),0,0,50,0.00035,0,0,0,0,0,0,0,0
Guntur,KAKUMANU,0,0,126,0.000882,0,0,0,0,1,0.003266,0,0
Chittoor,KALAKADA,45,0.015885,56,0.000392,54,0.019062,47,0.016591,113,0.41667,50,0.01765
Kadapa,KALASAPADU,12,0.004236,118,0.000826,67,0.023651,9,0.003177,34,0.213329,22,0.007766
Krishna,KALIDINDI,0,0,0,0,0,0,0,0,0,0,0,0
Nellore,KALIGIRI,2,0.000706,403,0.002821,60,0.02118,6,0.002118,3,0.032472,21,0.007413
Chittoor,KALIKIRI,2,0.000706,85,0.000595,65,0.022945,64,0.022592,141,2.815629,41,0.014473
West Godavari,KALLA,0,0,0,0,0,0,0,0,0,0,0,0
Kurnool,KALLUR,63,0.022239,214,0.001498,160,0.05648,15,0.005295,9,0.073317,4,0.001412
Nellore,KALUVOYA,77,0.027181,442,0.003094,10,0.00353,0,0,29,0.049495,9,0.003177
Anantapur,KALYANDURG,95,0.033535,1265,0.008855,213,0.075189,41,0.014473,13,0.238243,100,0.0353
Kadapa,KAMALAPURAM,5,0.001765,737,0.005159,58,0.020474,9,0.003177,2,0.005837,6,0.002118
West Godavari,KAMAVARAPUKOTA,20,0.00706,711,0.004977,21,0.007413,1,0.000353,7,0.073315,2,0.000706
Anantapur,KAMBADUR,106,0.037418,1094,0.007658,109,0.038477,12,0.004236,102,0.66388,61,0.021533
Chittoor,KAMBHAMVARIPALLE,24,0.008472,126,0.000882,102,0.036006,44,0.015532,81,0.199294,45,0.015885
Anantapur,KANAGANAPALLE,157,0.055421,1359,0.009513,172,0.060716,20,0.00706,17,0.287919,61,0.021533
Krishna,KANCHIKA CHERLA,10,0.00353,174,0.001218,14,0.004942,3,0.001059,3,0.106327,2,0.000706
Srikakulam,KANCHILI,13,0.004589,108,0.000756,191,0.067423,32,0.011296,282,0.460161,3,0.001059
Prakasam,KANDUKUR,17,0.006001,290,0.00203,17,0.006001,44,0.015532,7,0.099535,9,0.003177
Anantapur,KANEKAL,5,0.001765,525,0.003675,103,0.036359,115,0.040595,50,0.424231,26,0.009178
Prakasam,KANIGIRI,92,0.032476,224,0.001568,95,0.033535,96,0.033888,39,0.681774,49,0.017297
Krishna,KANKIPADU,0,0,39,0.000273,0,0,0,0,0,0,0,0
East Godavari,KAPILESWARAPURAM,0,0,0,0,0,0,0,0,0,0,0,0
Prakasam,KARAMCHEDU,0,0,30,0.00021,4,0.001412,0,0,0,0,0,0
East Godavari,KARAPA,0,0,36,0.000252,0,0,0,0,2,0.004663,0,0
Guntur,KAREMPUDI,72,0.025416,294,0.002058,2,0.000706,0,0,3,0.011792,0,0
Guntur,KARLAPALEM,0,0,385,0.002695,0,0,0,0,0,0,0,0
Chittoor,KARVETINAGAR,16,0.005648,1341,0.009387,103,0.036359,27,0.009531,119,0.764066,75,0.026475
Visakhapatnam,KASIMKOTA,20,0.00706,616,0.004312,36,0.012708,14,0.004942,135,0.183423,3,0.001059
East Godavari,KATRENIKONA,0,0,3,0.000021,0,0,0,0,0,0,0,0
Nellore,KAVALI,30,0.01059,113,0.000791,11,0.003883,1,0.000353,94,0.529117,5,0.001765
Srikakulam,KAVITI,0,0,38,0.000266,184,0.064952,34,0.012002,101,0.13516,7,0.002471
Kadapa,KHAJIPET,1,0.000353,487,0.003409,39,0.013767,5,0.001765,0,0,2,0.000706
East Godavari,KIRLAMPUDI,0,0,45,0.000315,0,0,0,0,24,0.790538,0,0
Nellore,KODAVALUR,0,0,0,0,0,0,0,0,10,0.036743,1,0.000353
Kurnool,KODUMUR,47,0.016591,22,0.000154,131,0.046243,3,0.001059,4,0.026001,1,0.000353
Kadapa,KODUR,4,0.001412,359,0.002513,93,0.032829,6,0.002118,24,0.219316,7,0.002471
Krishna,KODURU,0,0,154,0.001078,0,0,0,0,0,0,0,0
Kurnool,KOILKUNTLA,68,0.024004,64,0.000448,42,0.014826,0,0,0,0,9,0.003177
Kurnool,KOLIMIGUNDLA,67,0.023651,74,0.000518,28,0.009884,17,0.006001,48,0.392535,17,0.006001
Guntur,KOLLIPARA,0,0,158,0.001106,0,0,0,0,0,0,0,0
Guntur,KOLLUR,0,0,267,0.001869,0,0,0,0,0,0,0,0
Vizianagaram,KOMARADA,37,0.013061,5,0.000035,51,0.018003,19,0.006707,38,0.085399,3,0.001059
Prakasam,KOMAROLU,20,0.00706,417,0.002919,90,0.03177,42,0.014826,30,0.101085,27,0.009531
Prakasam,KONAKANAMITLA,62,0.021886,536,0.003752,179,0.063187,35,0.012355,37,0.275195,42,0.014826
Prakasam,KONDAPI,24,0.008472,291,0.002037,43,0.015179,34,0.012002,21,0.113309,76,0.026828
Kadapa,KONDAPURAM,7,0.002471,352,0.002464,105,0.037065,12,0.004236,5,0.009806,3,0.001059
Nellore,KONDAPURAM (NELLORE),53,0.018709,1044,0.007308,78,0.027534,9,0.003177,21,0.199833,12,0.004236
Prakasam,KORISAPADU,0,0,124,0.000868,11,0.003883,4,0.001412,6,0.139242,42,0.014826
East Godavari,KORUKONDA,15,0.005295,243,0.001701,0,0,0,0,122,6.118296,0,0
Kurnool,KOSIGI,72,0.025416,331,0.002317,86,0.030358,13,0.004589,30,0.09968,4,0.001412
Nellore,KOTA,0,0,51,0.000357,0,0,0,0,4,0.010802,10,0.00353
Srikakulam,KOTABOMMAL,1,0.000353,84,0.000588,113,0.039889,38,0.013414,350,0.997441,13,0.004589
East Godavari,KOTANANDURU,18,0.006354,354,0.002478,49,0.017297,9,0.003177,86,0.115958,1,0.000353
Visakhapatnam,KOTAURATLA,22,0.007766,328,0.002296,30,0.01059,6,0.002118,61,0.14457,1,0.000353
Prakasam,KOTHAPATNAM,0,0,76,0.000532,4,0.001412,7,0.002471,2,0.05329,0,0
Anantapur,KOTHACHERUVU,21,0.007413,661,0.004627,88,0.031064,8,0.002824,54,0.38131,8,0.002824
East Godavari,KOTHAPALLEE,0,0,152,0.001064,0,0,0,0,0,0,0,0
Kurnool,KOTHAPALLE,12,0.004236,25,0.000175,49,0.017297,14,0.004942,7,0.120964,3,0.001059
East Godavari,KOTHAPETA,0,0,3,0.000021,0,0,0,0,1,0.00003,0,0
Vizianagaram,KOTHAVALASA,0,0,1214,0.008498,259,0.091427,6,0.002118,163,0.387413,0,0
Srikakulam,KOTHURU,9,0.003177,204,0.001428,111,0.039183,39,0.013767,353,0.802408,14,0.004942
Nellore,KOVUR,0,0,3,0.000021,0,0,0,0,0,0,0,0
West Godavari,KOVVUR,0,0,34,0.000238,0,0,0,0,1,0.000039,0,0
Kurnool,KOWTHALAM,6,0.002118,61,0.000427,35,0.012355,5,0.001765,10,0.028512,5,0.001765
West Godavari,KOYYALAGUDEM,11,0.003883,776,0.005432,6,0.002118,20,0.00706,45,0.252101,1,0.000353
Visakhapatnam,KOYYURU,56,0.019768,0,0,13,0.004589,0,0,17,0.106539,0,0
Kurnool,KRISHNAGIRI,99,0.034947,195,0.001365,168,0.059304,9,0.003177,42,0.422375,4,0.001412
Guntur,KROSURU,0,0,100,0.0007,3,0.001059,2,0.000706,3,0.030325,0,0
Krishna,KRUTHIVENNU,0,0,34,0.000238,0,0,0,0,0,0,0,0
Anantapur,KUDAIR,57,0.020121,426,0.002982,216,0.076248,10,0.00353,88,0.701025,25,0.008825
West Godavari,KUKUNOOR,0,0,0,0,0,0,0,0,0,0,0,0
East Godavari,KUNAVARAM,0,0,5,0.000035,0,0,0,0,18,0.071233,0,0
Anantapur,KUNDURPI,89,0.031417,499,0.003493,137,0.048361,64,0.022592,13,0.127613,21,0.007413
Chittoor,KUPPAM,27,0.009531,784,0.005488,151,0.053303,104,0.036712,105,0.464337,64,0.022592
Chittoor,KURABALAKOTA,10,0.00353,187,0.001309,36,0.012708,79,0.027887,211,0.285521,45,0.015885
Prakasam,KURICHEDU,38,0.013414,35,0.000245,120,0.04236,16,0.005648,35,0.197926,15,0.005295
Kurnool,KURNOOL MANDAL,50,0.01765,100,0.0007,101,0.035653,13,0.004589,30,0.128927,1,0.000353
Vizianagaram,KURUPAM,59,0.020827,112,0.000784,34,0.012002,23,0.008119,98,0.73506,18,0.006354
Vizianagaram,LAKKAVARAPUKOTA,0,0,1625,0.011375,172,0.060716,20,0.00706,282,1.06674,0,0
Kadapa,LAKKIREDDIPALLE,1,0.000353,242,0.001694,107,0.037771,43,0.015179,158,0.420775,31,0.010943
Srikakulam,LAXMINARASAMPET,0,0,30,0.00021,59,0.020827,14,0.004942,149,0.313945,40,0.01412
Srikakulam,LAVERU,0,0,248,0.001736,383,0.135199,43,0.015179,352,0.552784,9,0.003177
Anantapur,LEPAKSHI,4,0.001412,800,0.0056,174,0.061422,11,0.003883,47,0.446271,13,0.004589
Kadapa,LINGALA,26,0.009178,162,0.001134,109,0.038477,8,0.002824,12,0.048207,2,0.000706
West Godavari,LINGAPALEM,8,0.002824,157,0.001099,5,0.001765,1,0.000353,59,0.671829,3,0.001059
Prakasam,LINGASAMUDRAM,28,0.009884,75,0.000525,27,0.009531,22,0.007766,48,0.515756,16,0.005648
Guntur,MACHAVARAM,0,0,374,0.002618,1,0.000353,2,0.000706,4,0.031676,0,0
Guntur,MACHERLA,67,0.023651,165,0.001155,21,0.007413,4,0.001412,2,0.004945,2,0.000706
Krishna,MACHILIPATNAM,0,0,175,0.001225,0,0,0,0,24,0.118327,0,0
Anantapur,MADAKASIRA,100,0.0353,537,0.003759,180,0.06354,12,0.004236,38,1.005632,69,0.024357
Chittoor,MANDAPALLE,24,0.008472,196,0.001372,81,0.028593,45,0.015885,137,0.52909,64,0.022592
Kurnool,MADDIKERA EAST,45,0.015885,218,0.001526,48,0.016944,19,0.006707,25,0.253959,0,0
Prakasam,MADDIPADU,0,0,94,0.000658,19,0.006707,2,0.000706,9,0.122195,0,0
Visakhapatnam,MADUGULA,10,0.00353,108,0.000756,30,0.01059,1,0.000353,81,0.351479,0,0
Kurnool,MAHANANDI,9,0.003177,56,0.000392,11,0.003883,0,0,6,0.084857,0,0
Visakhapatnam,MAKAVARAPALEM,21,0.007413,867,0.006069,65,0.022945,6,0.002118,82,0.145387,5,0.001765
Vizianagaram,MAKKUVA,16,0.005648,55,0.000385,27,0.009531,1,0.000353,0,0,10,0.00353
East Godavari,MALIKIPURAM,0,0,713,0.004991,0,0,0,0,0,0,0,0
East Godavari,MAMIDIKUDURU,0,0,38,0.000266,0,0,0,0,0,0,0,0
East Godavari,MANDAPETA,0,0,9,0.000063,0,0,0,0,26,0.042587,0,0
Srikakulam,MANDASA,33,0.011649,65,0.000455,245,0.086485,119,0.042007,262,0.267402,79,0.027887
Krishna,MANDAVALLI,0,0,4,0.000028,0,0,0,0,0,0,0,0
Guntur,MANGALAGIRI,2,0.000706,39,0.000273,0,0,0,0,7,0.028173,0,0
Kurnool,MANTRALAYAM,20,0.00706,169,0.001183,158,0.055774,40,0.01412,16,0.140102,0,0
Nellore,MANUBOLU,0,0,48,0.000336,0,0,0,0,21,0.105364,1,0.000353
East Godavari,MAREDUMILLI,43,0.015179,0,0,23,0.008119,2,0.000706,69,0.077113,5,0.001765
Prakasam,MARKAPUR,1,0.000353,400,0.0028,75,0.026475,32,0.011296,33,0.371136,14,0.004942
Nellore,MARRIPADU,206,0.072718,452,0.003164,109,0.038477,14,0.004942,27,0.129912,52,0.018356
Prakasam,MARRIPUDI,79,0.027887,260,0.00182,119,0.042007,43,0.015179,33,0.363384,95,0.033535
Prakasam,MARTUR,10,0.00353,570,0.00399,19,0.006707,42,0.014826,8,0.131237,38,0.013414
Guntur,MEDIKONDURU,0,0,248,0.001736,1,0.000353,0,0,1,0.017055,0,0
Srikakulam,MELIAPUTTI,16,0.005648,107,0.000749,291,0.102723,41,0.014473,251,0.326765,42,0.014826
Vizianagaram,MENTADA,43,0.015179,1409,0.009863,73,0.025769,7,0.002471,247,0.854168,0,0
Vizianagaram,MERAKAMUDIDAM,49,0.017297,528,0.003696,234,0.082602,17,0.006001,149,0.388322,0,0
Kurnool,MIDTHUR,67,0.023651,42,0.000294,101,0.035653,8,0.002824,11,0.190437,17,0.006001
West Godavari,MOGALTHUR,0,0,0,0,0,0,0,0,0,0,0,0
Krishna,MOPIDEVI,0,0,3,0.000021,0,0,0,0,0,0,0,0
Krishna,MOVVA,0,0,26,0.000182,0,0,0,0,0,0,0,0
Kadapa,MUDDANUR,57,0.020121,312,0.002184,106,0.037418,33,0.011649,4,0.017453,39,0.013767
Anantapur,MUDIGUBBA,84,0.029652,1422,0.009954,151,0.053303,24,0.008472,83,0.21023,35,0.012355
Krishna,MUDINAPALLE,0,0,40,0.00028,1,0.000353,0,0,0,0,0,0
Chittoor,MULAKALACHERUVU,15,0.005295,344,0.002408,46,0.016238,59,0.020827,111,0.549359,21,0.007413
East Godavari,MUMMIDIVARAM,0,0,22,0.000154,0,0,0,0,1,0.000569,0,0
Visakhapatnam,MUNAGAPAKA,2,0.000706,51,0.000357,21,0.007413,10,0.00353,47,0.083299,0,0
Visakhapatnam,MUNCHINGIPUTTU,24,0.008472,0,0,0,0,0,0,0,0,0,0
Prakasam,MUNDLAMURU,0,0,130,0.00091,52,0.018356,53,0.018709,48,0.485635,53,0.018709
Guntur,MUPPALLA,0,0,221,0.001547,1,0.000353,0,0,4,0.067833,0,0
Krishna,MUSUNURU,49,0.017297,167,0.001169,32,0.011296,7,0.002471,106,1.594249,0,0
Nellore,MUTHUKUR,0,0,0,0,0,0,0,0,0,0,0,0
Kadapa,MYLAVARAM,3,0.001059,714,0.004998,163,0.057539,5,0.001765,10,0.04466,1,0.000353
Krishna,MYLAVARAM (KRISHNA),53,0.018709,161,0.001127,32,0.011296,11,0.003883,69,1.325625,1,0.000353
Guntur,NADENDLA,0,0,416,0.002912,3,0.001059,0,0,4,0.014913,0,0
Chittoor,NAGALAPURAM,1,0.000353,463,0.003241,53,0.018709,9,0.003177,16,0.113828,10,0.00353
Guntur,NAGARAM,0,0,363,0.002541,0,0,0,0,0,0,0,0
Chittoor,NAGARI,5,0.001765,991,0.006937,31,0.010943,14,0.004942,30,0.418136,78,0.027534
Krishna,NAGAYALANKA,0,0,11,0.000077,0,0,0,0,5,0.03421,0,0
Prakasam,NAGULUPPALAPADU,4,0.001412,82,0.000574,7,0.002471,6,0.002118,12,0.118092,4,0.001412
Nellore,NAIDUPETA,0,0,110,0.00077,0,0,0,0,2,0.001988,3,0.001059
Visakhapatnam,NAKKAPALLE,18,0.006354,247,0.001729,4,0.001412,8,0.002824,116,0.239861,0,0
Anantapur,NALLACHERUVU,24,0.008472,750,0.00525,86,0.030358,72,0.025416,12,0.26709,52,0.018356
West Godavari,NALLAJERLA,7,0.002471,1754,0.012278,3,0.001059,0,0,32,0.280961,1,0.000353
Anantapur,NALLAMADA,45,0.015885,709,0.004963,118,0.041654,91,0.032123,121,0.424194,27,0.009531
Anantapur,NAMBULIPULIKUNTA,140,0.04942,869,0.006083,106,0.037418,63,0.022239,50,0.55965,8,0.002824
Kadapa,NANDALUR,0,0,744,0.005208,43,0.015179,4,0.001412,41,0.639821,10,0.00353
Kurnool,NANDAVARAM,35,0.012355,96,0.000672,94,0.033182,3,0.001059,25,0.095626,1,0.000353
Srikakulam,NANDIGAM,7,0.002471,65,0.000455,187,0.066011,45,0.015885,602,0.872538,46,0.016238
Krishna,NANDIGAMA,16,0.005648,412,0.002884,10,0.00353,22,0.007766,0,0,3,0.001059
Kurnool,NANDI KOTKUR,19,0.006707,72,0.000504,23,0.008119,8,0.002824,4,0.028615,4,0.001412
Krishna,NANDIVADA,0,0,25,0.000175,0,0,0,0,15,0.010423,0,0
Kurnool,NANDYAL,9,0.003177,52,0.000364,13,0.004589,0,0,3,0.128253,0,0
Srikakulam,NARASANNAPETA,2,0.000706,183,0.001281,31,0.010943,40,0.01412,20,0.161537,0,0
West Godavari,NARASAPURAM,0,0,0,0,0,0,0,0,0,0,0,0
Guntur,NARASARAOPETA,0,0,372,0.002604,0,0,0,0,17,0.02926,0,0
Chittoor,NARAYANAVANAM,11,0.003883,801,0.005607,22,0.007766,5,0.001765,30,0.414012,25,0.008825
Anantapur,NARPALA,8,0.002824,854,0.005978,165,0.058245,19,0.006707,96,1.291446,12,0.004236
Visakhapatnam,NARSIPATNAM,4,0.001412,389,0.002723,5,0.001765,3,0.001059,80,0.143537,0,0
Visakhapatnam,NATHAVARAM,8,0.002824,378,0.002646,46,0.016238,12,0.004236,106,0.22897,2,0.000706
Guntur,NAKARIKALLU,49,0.017297,528,0.003696,3,0.001059,6,0.002118,7,0.025946,0,0
Vizianagaram,NELLIMARLA,8,0.002824,1540,0.01078,117,0.041301,27,0.009531,55,0.314952,3,0.001059
Nellore,NELLORE MANDAL,0,0,93,0.000651,1,0.000353,0,0,39,0.079177,0,0
West Godavari,NIDADAVOLE,0,0,0,0,0,0,0,0,21,0.601724,0,0
West Godavari,NIDAMARRU,0,0,0,0,0,0,0,0,3,0.045972,0,0
Chittoor,NIMMANAPALLE,4,0.001412,113,0.000791,44,0.015532,8,0.002824,129,0.327422,5,0.001765
Chittoor,NINDRA,3,0.001059,968,0.006776,18,0.006354,34,0.012002,40,0.240227,65,0.022945
Guntur,NIZAMPATNAM,0,0,114,0.000798,0,0,0,0,0,0,0,0
Guntur,NUZENDLA,0,0,132,0.000924,5,0.001765,6,0.002118,11,0.155354,0,0
Krishna,NUZVID,61,0.021533,284,0.001988,28,0.009884,4,0.001412,95,0.953086,1,0.000353
Anantapur,OBULADEVARACHERUVU,64,0.022592,807,0.005649,126,0.044478,23,0.008119,120,0.422343,28,0.009884
Kadapa,OBULAVARIPALLE,6,0.002118,489,0.003423,101,0.035653,15,0.005295,65,0.529717,10,0.00353
Nellore,OJILI,0,0,127,0.000889,10,0.00353,1,0.000353,0,0,3,0.001059
Prakasam,ONGOLE,0,0,252,0.001764,12,0.004236,8,0.002824,5,0.116593,3,0.001059
Kurnool,ORVAKAL,77,0.027181,203,0.001421,152,0.053656,41,0.014473,9,0.142668,15,0.005295
Kurnool,OWK,99,0.034947,73,0.000511,47,0.016591,5,0.001765,43,0.29062,4,0.001412
East Godavari,P GANNAVARAM,0,0,32,0.000224,0,0,0,0,0,0,0,0
Vizianagaram,PACHIPENTA,73,0.025769,17,0.000119,57,0.020121,45,0.015885,0,0,92,0.032476
Visakhapatnam,PADERU,61,0.021533,0,0,5,0.001765,0,0,0,0,0,0
Visakhapatnam,PADMANABHAM,22,0.007766,282,0.001974,18,0.006354,16,0.005648,85,0.217724,1,0.000353
Kurnool,PAGIDYALA,0,0,1,0.000007,14,0.004942,1,0.000353,0,0,0,0
Chittoor,PAKALA,11,0.003883,477,0.003339,65,0.022945,26,0.009178,116,0.190628,39,0.013767
West Godavari,PALAKODERU,0,0,0,0,0,0,0,0,0,0,0,0
West Godavari,PALACOLE,0,0,0,0,0,0,0,0,0,0,0,0
Srikakulam,PALAKONDA,2,0.000706,99,0.000693,70,0.02471,19,0.006707,44,0.122876,2,0.000706
Chittoor,PALAMANER,4,0.001412,432,0.003024,42,0.014826,14,0.004942,58,0.496483,0,0
Srikakulam,PALASA,19,0.006707,65,0.000455,131,0.046243,41,0.014473,230,0.337354,25,0.008825
Chittoor,PALASAMUDRAM,18,0.006354,453,0.003171,87,0.030711,40,0.01412,49,0.297835,8,0.002824
East Godavari,PAMARRU (EAST GODAVARI),0,0,9,0.000063,0,0,0,0,0,0,0,0
Krishna,PAMARRU,0,0,38,0.000266,0,0,0,0,0,0,0,0
Anantapur,PAMIDI,16,0.005648,645,0.004515,115,0.040595,20,0.00706,13,0.262493,13,0.004589
Krishna,PAMIDIMUKKALA,0,0,42,0.000294,0,0,0,0,3,0.0034,0,0
Kurnool,PAMULAPADU,10,0.00353,167,0.001169,12,0.004236,15,0.005295,0,0,2,0.000706
Prakasam,PAMUR,85,0.030005,668,0.004676,71,0.025063,63,0.022239,20,0.1801,62,0.021886
Kurnool,PANYAM,48,0.016944,145,0.001015,78,0.027534,4,0.001412,12,0.527797,4,0.001412
Visakhapatnam,PARAVADA,23,0.008119,50,0.00035,13,0.004589,9,0.003177,85,0.069657,3,0.001059
Prakasam,PARCHUR,2,0.000706,266,0.001862,1,0.000353,19,0.006707,3,0.100944,12,0.004236
Anantapur,PARIGI,14,0.004942,798,0.005586,140,0.04942,19,0.006707,17,0.175492,10,0.00353
Vizianagaram,PARVATHIPURAM,40,0.01412,661,0.004627,122,0.043066,19,0.006707,102,0.310277,1,0.000353
Srikakulam,PATHAPATNAM,6,0.002118,175,0.001225,270,0.09531,28,0.009884,252,0.347673,18,0.006354
Kurnool,PATTIKANDA,62,0.021886,281,0.001967,149,0.052597,22,0.007766,8,0.050115,55,0.019415
Visakhapatnam,PAYAKARAOPETA,6,0.002118,55,0.000385,6,0.002118,3,0.001059,42,0.111878,0,0
Kurnool,PEAPALLY,74,0.026122,15,0.000105,283,0.099899,15,0.005295,32,0.136088,11,0.003883
Prakasam,PEDAARAVEEDU,7,0.002471,1014,0.007098,30,0.01059,6,0.002118,36,0.281187,13,0.004589
Visakhapatnam,PEDABAYALU,54,0.019062,0,0,14,0.004942,3,0.001059,0,0,1,0.000353
Prakasam,PEDACHERLOPALLE,110,0.03883,109,0.000763,94,0.033182,49,0.017297,26,0.123969,109,0.038477
Visakhapatnam,PEDAGANTYADA,4,0.001412,62,0.000434,0,0,0,0,0,0,0,0
Guntur,PEDAKAKANI,0,0,126,0.000882,0,0,0,0,4,0.019309,0,0
Guntur,PEDAKURAPADU,0,0,321,0.002247,4,0.001412,0,0,2,0.014136,0,0
Krishna,PEDANA,0,0,26,0.000182,0,0,0,0,12,0.06785,0,0
Guntur,PEDANANDIPADU,0,0,330,0.00231,0,0,0,0,0,0,0,0
West Godavari,PEDAPADU,0,0,6,0.000042,0,0,0,0,11,0.079546,0,0
Krishna,PEDAPARUPUDI,0,0,3,0.000021,0,0,0,0,0,0,0,0
East Godavari,PEDAPUDI,0,0,10,0.00007,0,0,0,0,0,0,0,0
West Godavari,PADAVEGI,3,0.001059,1387,0.009709,1,0.000353,0,0,83,0.831514,0,0
Kurnool,PEDDA KADUBUR,51,0.018003,25,0.000175,74,0.026122,3,0.001059,7,0.030045,0,0
Chittoor,PEDDATHIPPASAMUDRA,36,0.012708,233,0.001631,35,0.012355,50,0.01765,105,0.498685,43,0.015179
Chittoor,PEDDAMANDYAM,51,0.018003,468,0.003276,115,0.040595,80,0.02824,113,0.43587,76,0.026828
Kadapa,PEDDAMUDIUM,7,0.002471,59,0.000413,71,0.025063,1,0.000353,5,0.022258,1,0.000353
Chittoor,PEDDA PANJANI,0,0,583,0.004081,76,0.026828,93,0.032829,178,0.934183,93,0.032829
Anantapur,PEDDAPAPPUR,1,0.000353,411,0.002877,155,0.054715,26,0.009178,7,0.022867,24,0.008472
East Godavari,PEDDAPURAM,0,0,310,0.00217,0,0,0,0,76,0.071163,0,0
Anantapur,PEDDAVADUGUR,59,0.020827,900,0.0063,121,0.042713,23,0.008119,11,0.164927,28,0.009884
Nellore,PELLAKUR,0,0,45,0.000315,1,0.000353,1,0.000353,12,0.111891,3,0.001059
Kadapa,PENAGALURU,22,0.007766,278,0.001946,47,0.016591,13,0.004589,25,0.280548,10,0.00353
Krishna,PENAMALURU,0,0,38,0.000266,0,0,0,0,5,0.041768,0,0
Kadapa,PENDLIMARRI,11,0.003883,612,0.004284,122,0.043066,23,0.008119,79,0.176487,19,0.006707
Visakhapatnam,PENDURTHI,14,0.004942,110,0.00077,4,0.001412,0,0,42,0.073836,0,0
West Godavari,PENTAPADU,0,0,4,0.000028,0,0,0,0,2,0.08824,0,0
Krishna,PENUGANCHIPROLU,2,0.000706,206,0.001442,16,0.005648,5,0.001765,2,0.008604,0,0
West Godavari,PENUGONDA,0,0,0,0,0,0,0,0,0,0,0,0
Anantapur,PENU KONDA,45,0.015885,1533,0.010731,233,0.082249,56,0.019768,68,0.662554,19,0.006707
West Godavari,PENUMANTRA,0,0,0,0,0,0,0,0,3,0.002318,0,0
Chittoor,PENUMURU,3,0.001059,127,0.000889,38,0.013414,52,0.018356,50,0.134407,42,0.014826
West Godavari,PERAVALI,0,0,0,0,0,0,0,0,0,0,0,0
Guntur,PHIRANGIPURAM,0,0,286,0.002002,0,0,0,0,5,0.025094,0,0
Chittoor,PICHATUR,3,0.001059,594,0.004158,39,0.013767,13,0.004589,20,0.131565,28,0.009884
Guntur,PIDUGURALLA,4,0.001412,396,0.002772,2,0.000706,1,0.000353,28,0.205945,0,0
Chittoor,PILERU,5,0.001765,116,0.000812,205,0.072365,73,0.025769,157,0.186885,86,0.030358
East Godavari,PITHAPURAM,0,0,73,0.000511,1,0.000353,0,0,74,0.261852,0,0
Guntur,PITTALAVANIPALEM,0,0,268,0.001876,0,0,0,0,1,0.02987,0,0
Nellore,PODLAKUR,0,0,501,0.003507,16,0.005648,4,0.001412,69,0.179743,22,0.007766
Prakasam,PODILI,26,0.009178,598,0.004186,134,0.047302,21,0.007413,32,0.49194,33,0.011649
West Godavari,PODURU,0,0,0,0,0,0,0,0,0,0,0,0
Srikakulam,POLAKI,0,0,97,0.000679,8,0.002824,8,0.002824,76,0.155237,0,0
West Godavari,POLAVARAM,24,0.008472,96,0.000672,45,0.015885,0,0,28,0.167522,11,0.003883
Srikakulam,PONDURU,5,0.001765,54,0.000378,104,0.036712,6,0.002118,166,0.244119,16,0.005648
Prakasam,PONNALURU,44,0.015532,500,0.0035,50,0.01765,81,0.028593,16,0.269022,46,0.016238
Guntur,PONNUR,0,0,106,0.000742,0,0,0,0,0,0,0,0
Kadapa,PORUMAMILLA,23,0.008119,278,0.001946,67,0.023651,21,0.007413,72,0.504717,22,0.007766
East Godavari,PRATHIPADU (EAST GODAVARI),18,0.006354,548,0.003836,96,0.033888,13,0.004589,96,0.633418,2,0.000706
Guntur,PRATHIPADU,0,0,175,0.001225,0,0,0,0,14,0.089586,0,0
Kadapa,PRODDUTUR,4,0.001412,274,0.001918,20,0.00706,0,0,1,0.001755,1,0.000353
Chittoor,PULICHERLA,0,0,760,0.00532,34,0.012002,19,0.006707,81,0.112595,9,0.003177
Kadapa,PULIVENDLA,7,0.002471,31,0.000217,41,0.014473,9,0.003177,52,0.155279,8,0.002824
Prakasam,PULLALACHERUVU,10,0.00353,456,0.003192,86,0.030358,46,0.016238,9,0.181012,36,0.012708
Kadapa,PULLAMPETA,5,0.001765,197,0.001379,106,0.037418,6,0.002118,47,0.310997,8,0.002824
Chittoor,PUNGANUR,0,0,494,0.003458,37,0.013061,59,0.020827,128,0.458232,36,0.012708
Vizianagaram,PUSAPATIREGA,6,0.002118,1053,0.007371,34,0.012002,4,0.001412,201,0.882314,1,0.000353
Chittoor,PUTHALAPATTU,12,0.004236,506,0.003542,27,0.009531,81,0.028593,140,0.766311,74,0.026122
Anantapur,PUTLUR,0,0,1018,0.007126,184,0.064952,26,0.009178,7,0.046957,44,0.015532
Anantapur,PUTTAPARTHI,7,0.002471,1087,0.007609,123,0.043419,37,0.013061,51,0.333153,30,0.01059
Chittoor,PUTTUR,11,0.003883,305,0.002135,31,0.010943,15,0.005295,26,0.255126,14,0.004942
Prakasam,RACHERLA,22,0.007766,337,0.002359,56,0.019768,57,0.020121,29,0.166552,21,0.007413
East Godavari,RAJAHMUNDRY RURAL,0,0,4,0.000028,0,0,0,0,0,0,0,0
East Godavari,RAJAHMUNDRY (URBAN),0,0,64,0.000448,0,0,0,0,32,0.002464,0,0
Srikakulam,RAJAM,2,0.000706,138,0.000966,44,0.015532,15,0.005295,318,0.516545,0,0
Kadapa,RAJAMPET,7,0.002471,330,0.00231,91,0.032123,39,0.013767,52,0.588351,26,0.009178
East Godavari,RAJANAGARAM,0,0,260,0.00182,0,0,0,0,185,1.347675,0,0
East Godavari,RAJAVOMMANGI,222,0.078366,0,0,30,0.01059,4,0.001412,87,0.186165,3,0.001059
Vizianagaram,RAMABHADRAPURAM,10,0.00353,1698,0.011886,129,0.045537,19,0.006707,5,0.038324,0,0
Chittoor,KAMMAPALLE,7,0.002471,150,0.00105,83,0.029299,7,0.002471,22,0.358192,149,0.052597
East Godavari,RAMACHANDRAPURAM,0,0,11,0.000077,0,0,0,0,0,0,0,0
Anantapur,RAMAGIRI,53,0.018709,732,0.005124,163,0.057539,25,0.008825,55,0.526052,69,0.024357
Chittoor,RAMA KUPPAM,37,0.013061,1047,0.007329,48,0.016944,87,0.030711,115,0.236171,73,0.025769
Kadapa,RAMAPURAM,0,0,393,0.002751,162,0.057186,29,0.010237,125,0.256186,66,0.023298
Chittoor,RAMASAMUDRAM,0,0,290,0.00203,33,0.011649,38,0.013414,105,0.41111,51,0.018003
Visakhapatnam,RAMBILLI,8,0.002824,199,0.001393,19,0.006707,1,0.000353,109,0.074512,2,0.000706
East Godavari,RAMPACHODAVARAM,242,0.085426,0,0,44,0.015532,4,0.001412,74,0.144761,6,0.002118
Srikakulam,RANASTALAM,7,0.002471,62,0.000434,240,0.08472,24,0.008472,539,0.63434,32,0.011296
East Godavari,RANGAMPETA,0,0,609,0.004263,0,0,0,0,118,0.21408,0,0
Anantapur,RAPTADU,66,0.023298,776,0.005432,109,0.038477,9,0.003177,28,0.537899,2,0.000706
Nellore,RAPUR,164,0.057892,551,0.003857,40,0.01412,1,0.000353,80,0.22099,9,0.003177
Visakhapatnam,RAVIKAMATHAM,28,0.009884,627,0.004389,75,0.026475,7,0.002471,169,0.524872,3,0.001059
East Godavari,RAVULAPALEM,0,0,2,0.000014,0,0,0,0,0,0,0,0
Kadapa,ROYACHOTI,0,0,299,0.002093,173,0.061069,26,0.009178,39,0.238627,41,0.014473
Anantapur,RAYADURG,8,0.002824,931,0.006517,156,0.055068,18,0.006354,38,0.445297,26,0.009178
East Godavari,RAYAVARAM,0,0,4,0.000028,0,0,0,0,0,0,0,0
East Godavari,RAZOLE,0,0,108,0.000756,0,0,0,0,0,0,0,0
Krishna,REDDIGUDEM,26,0.009178,451,0.003157,36,0.012708,2,0.000706,79,4.238146,3,0.001059
Srikakulam,REGIDIAMADALAVALASA,0,0,90,0.00063,31,0.010943,32,0.011296,785,0.87761,34,0.012002
Chittoor,RENIGUNTA,17,0.006001,59,0.000413,11,0.003883,38,0.013414,27,0.192763,20,0.00706
Guntur,RENTACHINTALA,0,0,330,0.00231,0,0,0,0,6,0.002837,0,0
Guntur,REPALLE,0,0,302,0.002114,0,0,0,0,0,0,0,0
Anantapur,RODDAM,43,0.015179,1080,0.00756,122,0.043066,34,0.012002,61,1.892237,13,0.004589
Anantapur,ROLLA,22,0.007766,489,0.003423,194,0.068482,13,0.004589,49,0.459762,14,0.004942
Visakhapatnam,ROLUGUNTA,20,0.00706,210,0.00147,44,0.015532,8,0.002824,121,0.488201,0,0
Chittoor,ROMPICHERLA,17,0.006001,436,0.003052,84,0.029652,47,0.016591,126,0.28131,47,0.016591
Guntur,ROMPICHERLA (GUNTUR),0,0,302,0.002114,1,0.000353,1,0.000353,7,0.069132,0,0
East Godavari,ROUTHULAPUDI,49,0.017297,540,0.00378,96,0.033888,7,0.002471,113,0.278666,2,0.000706
Kurnool,RUDRAVARAM,12,0.004236,265,0.001855,117,0.041301,3,0.001059,63,0.859527,2,0.000706
Visakhapatnam,S RAYAVARAM,9,0.003177,127,0.000889,3,0.001059,7,0.002471,33,0.786022,0,0
Kadapa,S MYDUKUR,17,0.006001,751,0.005257,84,0.029652,2,0.000706,9,0.033127,4,0.001412
Visakhapatnam,SABBAVARAM,29,0.010237,499,0.003493,40,0.01412,20,0.00706,167,0.271909,0,0
East Godavari,SAKHINETIPALLE,0,0,174,0.001218,0,0,0,0,0,0,0,0
Vizianagaram,SALUR,42,0.014826,77,0.000539,83,0.029299,21,0.007413,0,0,37,0.013061
East Godavari,SAMALKOTA,0,0,11,0.000077,0,0,0,0,16,0.006614,0,0
Kadapa,SAMBEPALLE,10,0.00353,431,0.003017,248,0.087544,42,0.014826,22,0.033656,45,0.015885
Nellore,SANGAM,0,0,29,0.000203,0,0,0,0,5,0.043866,2,0.000706
Kurnool,SANJAMALA,96,0.033888,159,0.001113,81,0.028593,2,0.000706,14,0.460947,5,0.001765
East Godavari,SANKHAVARAM,21,0.007413,269,0.001883,40,0.01412,1,0.000353,29,0.230623,1,0.000353
Srikakulam,SANTHABOMMALI,0,0,53,0.000371,41,0.014473,37,0.013061,283,0.322087,1,0.000353
Srikakulam,SANTHAKAVITI,0,0,13,0.000091,43,0.015179,5,0.001765,269,0.625775,19,0.006707
Prakasam,SANTHAMAGULURU,1,0.000353,578,0.004046,1,0.000353,22,0.007766,17,0.31053,11,0.003883
Prakasam,SANTHANUTHLAPADU,0,0,295,0.002065,18,0.006354,5,0.001765,14,0.183887,29,0.010237
Chittoor,SANTHI PURAM,37,0.013061,1180,0.00826,65,0.022945,182,0.064246,119,0.359578,128,0.045184
Srikakulam,SARAVAKOTA,7,0.002471,400,0.0028,224,0.079072,89,0.031417,268,0.528306,12,0.004236
Srikakulam,SARUBUJJILI,1,0.000353,21,0.000147,85,0.030005,19,0.006707,119,0.184625,27,0.009531
Guntur,SATTENAPALLE,0,0,215,0.001505,0,0,0,0,3,0.061211,0,0
Chittoor,SATYAVEDU,7,0.002471,358,0.002506,23,0.008119,4,0.001412,125,0.601405,24,0.008472
Guntur,SAVALYAPURAM,0,0,172,0.001204,10,0.00353,4,0.001412,13,0.035399,0,0
Srikakulam,SEETHAMPETA,70,0.02471,34,0.000238,330,0.11649,114,0.040242,184,0.270625,95,0.033535
East Godavari,SEETHANAGARAM,2,0.000706,148,0.001036,0,0,0,0,0,0,0,0
Vizianagaram,SEETHANAGARAM (VIZIANAGARAM),1,0.000353,1220,0.00854,34,0.012002,10,0.00353,57,0.110352,4,0.001412
Nellore,SEETHARAMAPURAM,39,0.013767,548,0.003836,15,0.005295,3,0.001059,18,0.059276,3,0.001059
Anantapur,SETTUR,106,0.037418,673,0.004711,138,0.048714,25,0.008825,6,0.280698,55,0.019415
Kadapa,SIDHOUT,2,0.000706,463,0.003241,60,0.02118,43,0.015179,8,0.011434,2,0.000706
Kadapa,SIMHADRIPURAM,5,0.001765,205,0.001435,109,0.038477,15,0.005295,12,0.065421,23,0.008119
Anantapur,SINGANAMALA,49,0.017297,1240,0.00868,156,0.055068,12,0.004236,7,1.392915,9,0.003177
Prakasam,SINGARAYAKONDA,1,0.000353,335,0.002345,1,0.000353,34,0.012002,12,0.052822,5,0.001765
Kurnool,SIRVEL,2,0.000706,91,0.000637,24,0.008472,2,0.000706,1,0.089644,0,0
Chittoor,SODAM,1,0.000353,127,0.000889,61,0.021533,40,0.01412,202,0.235419,33,0.011649
Chittoor,SOMALA,3,0.001059,119,0.000833,78,0.027534,32,0.011296,139,0.311396,25,0.008825
Anantapur,SOMANDEPALLE,40,0.01412,1024,0.007168,171,0.060363,22,0.007766,119,0.891386,29,0.010237
Srikakulam,SOMPETA,7,0.002471,46,0.000322,78,0.027534,16,0.005648,86,0.130536,1,0.000353
Kadapa,NARSAPUR,43,0.015179,844,0.005908,143,0.050479,10,0.00353,25,0.097485,30,0.01059
Srikakulam,SRIKAKULAM MANDAL,1,0.000353,100,0.0007,20,0.00706,16,0.005648,119,0.215694,6,0.002118
Chittoor,SRIKALAHASTI,106,0.037418,717,0.005019,26,0.009178,46,0.016238,168,0.868585,22,0.007766
Chittoor,SRIRANGARAJAPURAM,3,0.001059,479,0.003353,153,0.054009,140,0.04942,45,0.215281,52,0.018356
Kurnool,SRISAILAM,0,0,1,0.000007,0,0,0,0,0,0,0,0
Vizianagaram,SRUNGAVARAPUKOTA,0,0,856,0.005992,44,0.015532,3,0.001059,211,0.865237,0,0
Nellore,SULLURPETA,0,0,89,0.000623,1,0.000353,7,0.002471,0,0,15,0.005295
Nellore,SYDAPURAM,0,0,540,0.00378,28,0.009884,1,0.000353,1,0.007656,9,0.003177
Kadapa,T SUNDUPALLE,10,0.00353,689,0.004823,197,0.069541,66,0.023298,100,0.195599,76,0.026828
West Godavari,T NARASAPURAM,57,0.020121,685,0.004795,12,0.004236,2,0.000706,19,0.448447,1,0.000353
Nellore,TADA,0,0,26,0.000182,0,0,4,0.001412,12,0.052063,2,0.000706
Guntur,THADEPALLE,0,0,3,0.000021,0,0,0,0,5,0.017773,0,0
West Godavari,TADEPALLIGUDEM,5,0.001765,297,0.002079,0,0,0,0,43,0.414981,0,0
Guntur,TADIKONDA,1,0.000353,224,0.001568,0,0,0,0,5,0.100475,0,0
Anantapur,TADIMARRI,6,0.002118,1136,0.007952,149,0.052597,25,0.008825,195,0.869444,17,0.006001
Anantapur,TADPATRI,0,0,538,0.003766,106,0.037418,10,0.00353,34,0.331,10,0.00353
West Godavari,THALLAPUDI,9,0.003177,111,0.000777,0,0,0,0,3,0.006896,0,0
Anantapur,TALUPULA,95,0.033535,471,0.003297,87,0.030711,12,0.004236,73,0.298177,20,0.00706
Anantapur,TANAKAL,35,0.012355,673,0.004711,132,0.046596,122,0.043066,67,0.571415,81,0.028593
Prakasam,TANGUTUR,0,0,190,0.00133,8,0.002824,121,0.042713,11,0.124907,13,0.004589
West Godavari,TANUKU,0,0,1,0.000007,0,0,0,0,0,0,0,0
Prakasam,TARLAPADU,21,0.007413,216,0.001512,128,0.045184,46,0.016238,40,0.353949,51,0.018003
Srikakulam,TEKKALI,11,0.003883,124,0.000868,102,0.036006,27,0.009531,187,0.275213,1,0.000353
Guntur,TENALI,0,0,310,0.00217,0,0,0,0,3,0.02391,0,0
East Godavari,THALLAREVU,0,0,23,0.000161,0,0,0,0,7,0.015166,0,0
Prakasam,THALLUR,0,0,280,0.00196,47,0.016591,10,0.00353,17,0.066798,10,0.00353
Chittoor,THAMBALLAPALLE,28,0.009884,463,0.003241,76,0.026828,42,0.014826,64,0.279811,42,0.014826
Chittoor,THAVANAMPALLE,6,0.002118,350,0.00245,57,0.020121,45,0.015885,25,0.225722,14,0.004942
Vizianagaram,THERLAM,5,0.001765,957,0.006699,114,0.040242,26,0.009178,3,0.175509,1,0.000353
East Godavari,THONDANGI,0,0,195,0.001365,0,0,0,0,34,0.0804,0,0
Kadapa,THANDUR,14,0.004942,51,0.000357,94,0.033182,55,0.019415,85,0.322234,38,0.013414
Nellore,THOTAPALLIGUDUR,0,0,0,0,0,0,0,0,24,0.121014,0,0
Krishna,THOTLAVALLURU,0,0,17,0.000119,0,0,0,0,0,0,0,0
Chittoor,THOTTAMBEDU,8,0.002824,747,0.005229,32,0.011296,12,0.004236,102,0.433689,22,0.007766
Guntur,THULLUR,12,0.004236,58,0.000406,2,0.000706,0,0,2,0.003575,0,0
Chittoor,TIRUPATI,2,0.000706,18,0.000126,15,0.005295,1,0.000353,7,0.03031,2,0.000706
Chittoor,TIRUPATI URBAN,4,0.001412,33,0.000231,6,0.002118,0,0,1,0.01379,0,0
Krishna,TIRUVURU,5,0.001765,764,0.005348,13,0.004589,1,0.000353,66,1.077245,8,0.002824
Prakasam,TRIPURANTHAKAM,11,0.003883,715,0.005005,56,0.019768,11,0.003883,27,0.445659,43,0.015179
Guntur,TSUNDUR,0,0,244,0.001708,0,0,0,0,0,0,0,0
Kurnool,TUGGALI,31,0.010943,73,0.000511,133,0.046949,24,0.008472,54,0.52105,27,0.009531
East Godavari,TUNI,48,0.016944,709,0.004963,62,0.021886,2,0.000706,124,0.447137,0,0
Nellore,UDAYAGIRI,92,0.032476,548,0.003836,46,0.016238,10,0.00353,88,0.188055,22,0.007766
Prakasam,ULAVAPADU,0,0,452,0.003164,0,0,2,0.000706,21,0.413826,32,0.011296
West Godavari,UNDI,0,0,3,0.000021,0,0,0,0,0,0,0,0
West Godavari,UNDRAJAVARAM,0,0,0,0,0,0,0,0,0,0,0,0
West Godavari,UNGUTURU (WEST GODAVARI),0,0,537,0.003759,0,0,0,0,33,0.258539,0,0
Krishna,UNGUTURU,0,0,121,0.000847,0,0,0,0,15,0.075298,0,0
East Godavari,UPPALAGUPTAM,0,0,32,0.000224,0,0,0,0,2,0.000374,0,0
Anantapur,URAVAKONDA,30,0.01059,611,0.004277,72,0.025416,16,0.005648,9,0.101686,21,0.007413
Kurnool,UYYALAWADA,25,0.008825,80,0.00056,5,0.001765,3,0.001059,5,0.036256,15,0.005295
Chittoor,VADAMALAPETA,21,0.007413,291,0.002037,57,0.020121,18,0.006354,13,0.13993,29,0.010237
Anantapur,VAJRAKARUR,29,0.010237,1407,0.009849,98,0.034594,25,0.008825,8,0.071983,31,0.010943
Srikakulam,VAJRAPUKOTHURU,0,0,68,0.000476,114,0.040242,38,0.013414,105,0.131137,1,0.000353
Nellore,VAKADU,0,0,6,0.000042,0,0,0,0,36,0.076939,0,0
Kadapa,VALLUR,1,0.000353,482,0.003374,63,0.022239,3,0.001059,23,0.091572,1,0.000353
Srikakulam,VANGARA,0,0,82,0.000574,15,0.005295,5,0.001765,121,0.193017,0,0
Chittoor,VARADAIAHPALEM,13,0.004589,244,0.001708,20,0.00706,3,0.001059,107,0.612111,5,0.001765
East Godavari,VARARAMACHANDRAPUR,0,0,17,0.000119,0,0,0,0,35,0.054238,0,0
Nellore,VARIKUNTAPADU,64,0.022592,299,0.002093,56,0.019768,2,0.000706,95,0.260559,4,0.001412
Krishna,VATSAVAI,22,0.007766,355,0.002485,12,0.004236,7,0.002471,18,0.154901,5,0.001765
Guntur,VATTICHERUKURU,0,0,71,0.000497,0,0,0,0,2,0.02763,0,0
Chittoor,VALMIKIPURAM,0,0,441,0.003087,58,0.020474,42,0.014826,28,0.327124,56,0.019768
Chittoor,VEDURU KUPPAM,5,0.001765,546,0.003822,102,0.036006,89,0.031417,92,0.196866,93,0.032829
Kadapa,VEERABALLE,0,0,13,0.000091,131,0.046243,49,0.017297,250,0.979527,83,0.029299
Srikakulam,VEERAGHATTAM,2,0.000706,56,0.000392,60,0.02118,58,0.020474,1,0.001169,5,0.001765
Kadapa,VEERAPUNAYUNIPALLE,13,0.004589,87,0.000609,147,0.051891,13,0.004589,3,0.008994,20,0.00706
West Godavari,VEERAVASARAM,0,0,0,0,0,0,0,0,0,0,0,0
Krishna,VEERULLAPADU,33,0.011649,225,0.001575,37,0.013061,2,0.000706,15,0.173254,0,0
West Godavari,VELAIRPAD,0,0,0,0,0,0,0,0,0,0,0,0
Guntur,VELDURTHI,159,0.056127,84,0.000588,0,0,0,0,5,0.223933,1,0.000353
Kurnool,VELDURTHI (KURNOOL),106,0.037418,158,0.001106,215,0.075895,5,0.001765,25,0.324539,3,0.001059
Kurnool,VELGODE,4,0.001412,59,0.000413,1,0.000353,0,0,8,0.18997,0,0
Prakasam,VELIGANDLA,17,0.006001,227,0.001589,163,0.057539,98,0.034594,27,0.113037,50,0.01765
Kadapa,VEMPALLE,4,0.001412,252,0.001764,129,0.045537,17,0.006001,36,0.202987,11,0.003883
Kadapa,VEMULA,4,0.001412,203,0.001421,151,0.053303,14,0.004942,10,0.055082,7,0.002471
Guntur,VEMURU,0,0,248,0.001736,0,0,0,0,0,0,0,0
Nellore,VENKATACHALAM,0,0,40,0.00028,1,0.000353,0,0,35,0.016218,0,0
Nellore,VENKATAGIRI,48,0.016944,714,0.004998,20,0.00706,0,0,35,0.223748,1,0.000353
Chittoor,VENKATAGIRI KOTA,24,0.008472,274,0.001918,122,0.043066,57,0.020121,78,0.206693,47,0.016591
Vizianagaram,VEPADA,0,0,508,0.003556,145,0.051185,16,0.005648,191,0.959179,0,0
Prakasam,VETAPALEM,0,0,3,0.000021,1,0.000353,0,0,0,0,0,0
Anantapur,VIDAPANAKAL,5,0.001765,565,0.003955,21,0.007413,15,0.005295,2,1.059307,9,0.003177
Nellore,VIDAVALUR,0,0,0,0,0,0,0,0,5,0.010232,0,0
Chittoor,VIJAYA PURAM,8,0.002824,733,0.005131,12,0.004236,7,0.002471,115,1.224795,33,0.011649
Krishna,VIJAYAWADA URBAN,43,0.015179,19,0.000133,3,0.001059,2,0.000706,25,0.547954,0,0
Krishna,VIJAYAWADA RURAL,0,0,71,0.000497,0,0,0,0,4,0.01304,1,0.000353
Nellore,VINJAMUR,76,0.026828,361,0.002527,20,0.00706,3,0.001059,84,0.290387,29,0.010237
Guntur,VINUKONDA,0,0,271,0.001897,18,0.006354,1,0.000353,20,0.364651,7,0.002471
Visakhapatnam,VISAKHAPATNAM MANDAL1,6,0.002118,32,0.000224,0,0,0,0,0,0,0,0
Visakhapatnam,VISAKHAPATNAM MANDAL,0,0,28,0.000196,0,0,0,0,5,0.00325,0,0
Krishna,VISSANNAPET,25,0.008825,456,0.003192,24,0.008472,29,0.010237,78,2.317982,38,0.013414
Vizianagaram,VIZIANAGARAM MANDAL,0,0,825,0.005775,34,0.012002,1,0.000353,133,0.748807,0,0
Prakasam,VOLETIVARIPALEM,61,0.021533,102,0.000714,50,0.01765,29,0.010237,45,0.307745,53,0.018709
Kadapa,VONTIMITTA,0,0,862,0.006034,106,0.037418,35,0.012355,29,0.276888,2,0.000706
Krishna,VUYYURU,0,0,19,0.000133,0,0,0,0,0,0,0,0
East Godavari,Y RAMAVARAM,64,0.022592,0,0,36,0.012708,9,0.003177,22,0.017651,0,0
Chittoor,YADAMARI,46,0.016238,484,0.003388,47,0.016591,24,0.008472,44,0.117677,14,0.004942
Anantapur,YADIKI,8,0.002824,367,0.002569,203,0.071659,58,0.020474,21,0.331192,35,0.012355
Prakasam,YEDDANAPUDI,8,0.002824,401,0.002807,11,0.003883,26,0.009178,0,0,43,0.015179
Visakhapatnam,YELAMANCHILI (VISAKHAPATNAM),15,0.005295,408,0.002856,26,0.009178,4,0.001412,44,0.191411,0,0
West Godavari,YELAMANCHILI,0,0,0,0,0,0,0,0,0,0,0,0
East Godavari,YELESWARAM,0,0,253,0.001771,11,0.003883,3,0.001059,94,0.162727,1,0.000353
Anantapur,YELLANUR,0,0,552,0.003864,147,0.051891,24,0.008472,30,0.241863,28,0.009884
Kurnool,YEMMIGANUR,41,0.014473,52,0.000364,136,0.048008,11,0.003883,20,0.167879,3,0.001059
Chittoor,YERPEDU,20,0.00706,368,0.002576,56,0.019768,23,0.008119,113,0.794788,47,0.016591
Prakasam,YERRAGONDAPALEM,33,0.011649,897,0.006279,77,0.027181,31,0.010943,39,0.41902,29,0.010237
Kadapa,YERRAGUNTLA,1,0.000353,854,0.005978,82,0.028946,1,0.000353,6,0.032483,1,0.000353
Chittoor,YARRAVARIPALEM,50,0.01765,242,0.001694,48,0.016944,56,0.019768,199,0.315812,101,0.035653
Prakasam,ZARUGUMILLI,19,0.006707,159,0.001113,14,0.004942,28,0.009884,7,0.010142,66,0.023298
Guntur,RAJUPALEM,0,0,209,0.001463,0,0,0,0,4,0.049903,0,0
Kadapa,RAJU PALEM,8,0.002824,309,0.002163,14,0.004942,0,0,0,0,0,0
