dmcode,dcode91,mcode91,DNAME,DMNAME,MANDAL_,loctn_d,dsply_n,RWHS_C,RWHS_Cap,fp,fp_cap,cd,cd_cap,others,others_cap,miTank,MITANK_CAP,PT,PT_CAP
611,6,11,Krishna,A.KONDURU,A.Konduru,334,A KONDURU,16,0.005648,314,0.002198,73,0.025769,5,0.001765,19,0.132274,4,0.001412
541,5,41,West Godavari,ACHANTA,Achanta,465,ACHANTA,0,0,0,0,0,0,0,0,0,0,0,0
816,8,16,Prakasam,ADDANKI,Addanki,255,ADDANKI,4,0.001412,385,0.002695,31,0.010943,5,0.001765,6,0.144333,8,0.002824
403,4,3,East Godavari,ADDATEEGALA,Addateegala,412,ADDATEEGALA,121,0.042713,1,0.000007,40,0.01412,4,0.001412,261,0.463012,21,0.007413
1323,13,23,Kurnool,ADONI,Adoni,607,ADONI,38,0.013414,423,0.002961,310,0.10943,6,0.002118,9,0.256514,0,0
1262,12,62,Anantapur,AGALI,Agali,144,AGALI,7,0.002471,221,0.001547,148,0.052244,20,0.00706,30,0.485658,19,0.006707
622,6,22,Krishna,AGIRIPALLE,Agiripalle,361,AGIRIPALLE,129,0.045537,311,0.002177,20,0.00706,1,0.000353,119,0.926637,4,0.001412
449,4,49,East Godavari,AINAVILLI,Ainavilli,522,AINAVILLI,0,0,14,0.000098,0,0,0,0,1,0.00003,0,0
534,5,34,West Godavari,AKIVIDU,Akividu,437,AKIVEEDU,0,0,1,0.000007,0,0,0,0,0,0,0,0
442,4,42,East Godavari,ALAMURU,Alamuru,510,ALAMURU,0,0,1,0.000007,0,0,0,0,0,0,0,0
1338,13,38,Kurnool,ALLAGADDA,Allagadda,24,ALLAGADDA,11,0.003883,303,0.002121,35,0.012355,10,0.00353,19,0.176287,8,0.002824
455,4,55,East Godavari,ALLAVARAM,Allavaram,535,ALLAVARAM,0,0,106,0.000742,0,0,0,0,2,0.000334,0,0
915,9,15,Nellore,ALLUR,Allur,223,ALLUR,0,0,4,0.000028,0,0,0,0,15,0.041172,0,0
1325,13,25,Kurnool,ALUR,Alur,600,ALUR,34,0.012002,430,0.00301,71,0.025063,27,0.009531,4,0.068617,11,0.003883
1245,12,45,Anantapur,AMADAGUR,Amadagur,129,AMADAGUR,24,0.008472,771,0.005397,128,0.045184,16,0.005648,156,0.784231,27,0.009531
118,1,18,Srikakulam,AMADALAVALASA,Amadalavalasa,617,AMADALAVALASA,0,0,49,0.000343,69,0.024357,34,0.012002,274,0.602666,11,0.003883
454,4,54,East Godavari,AMALAPURAM,Amalapuram,546,AMALAPURAM,0,0,46,0.000322,0,0,0,0,4,0.004633,0,0
1261,12,61,Anantapur,AMARAPURAM,Amarapuram,146,AMARAPURAM,63,0.022239,589,0.004123,82,0.028946,17,0.006001,46,0.855573,15,0.005295
709,7,9,Guntur,AMARAVATHI,Amaravathi,265,AMARAVATHI,7,0.002471,418,0.002926,3,0.001059,0,0,15,0.09927,0,0
448,4,48,East Godavari,AMBAJIPETA,Ambajipeta,520,AMBAJIPETA,0,0,2,0.000014,0,0,0,0,0,0,0,0
749,7,49,Guntur,AMRUTHALUR,Amruthalur,371,AMRUTHALUR,0,0,251,0.001757,0,0,0,0,0,0,0,0
333,3,33,Visakhapatnam,ANAKAPALLI,Anakapalli,661,ANAKAPALLE,44,0.015532,464,0.003248,29,0.010237,5,0.001765,169,0.695414,0,0
325,3,25,Visakhapatnam,ANANDAPURAM,Anandapuram,499,ANANDAPURAM,33,0.011649,175,0.001225,52,0.018356,10,0.00353,131,0.212991,0,0
1225,12,25,Anantapur,ANANTAPUR,Anantapur,621,ANANTAPUR MANDAL,19,0.006707,771,0.005397,158,0.055774,28,0.009884,38,0.824808,21,0.007413
306,3,6,Visakhapatnam,ANANTHAGIRI,Ananthagiri,475,ANANTHAGIRI,121,0.042713,17,0.000119,34,0.012002,3,0.001059,25,0.214615,0,0
921,9,21,Nellore,ANANTHASAGARAM,Ananthasagaram,242,ANANTHASAGARAM,58,0.020474,423,0.002961,2,0.000706,0,0,3,0.007838,4,0.001412
433,4,33,East Godavari,ANAPARTHY,Anaparthy,483,ANAPARTHI,0,0,12,0.000084,0,0,0,0,11,0,0,0
913,9,13,Nellore,ANUMASAMUDRAMPETA,Anumasamudrampeta,224,ANUMASAMUDRAMPETA,27,0.009531,724,0.005068,13,0.004589,16,0.005648,54,0.366146,46,0.016238
808,8,8,Prakasam,ARDHAVEEDU,Ardhaveedu,227,ARDHAVEEDU,12,0.004236,869,0.006083,42,0.014826,39,0.013767,40,0.260688,10,0.00353
305,3,5,Visakhapatnam,ARUKU VALLEY,Aruku Valley,472,ARAKU VALLEY,146,0.051538,0,0,1,0.000353,0,0,1,0.018,0,0
1326,13,26,Kurnool,ASPARI,Aspari,597,ASPARI,48,0.016944,214,0.001498,122,0.043066,20,0.00706,19,0.176681,9,0.003177
707,7,7,Guntur,ATCHAMPET,Atchampet,675,ACHAMPETA,0,0,160,0.00112,1,0.000353,0,0,8,0.092074,0,0
343,3,43,Visakhapatnam,ATCHUTAPURAM,Atchutapuram,572,ATCHUTAPURAM,14,0.004942,60,0.00042,10,0.00353,1,0.000353,97,0.206149,1,0.000353
1128,11,28,Kadapa,ATLUR,Atlur,117,ATLUR,1,0.000353,427,0.002989,41,0.014473,11,0.003883,59,0.271749,7,0.002471
1224,12,24,Anantapur,ATMAKUR1,Atmakur1,69,ATMAKUR,52,0.018356,893,0.006251,145,0.051185,13,0.004589,45,0.397915,11,0.003883
1311,13,11,Kurnool,ATMAKUR2,Atmakur2,638,ATMAKUR (KURNOOL),14,0.004942,225,0.001575,116,0.040948,4,0.001412,23,0.484158,14,0.004942
912,9,12,Nellore,ATMAKUR4,Atmakur4,625,ATMAKUR (NELLORE),14,0.004942,468,0.003276,7,0.002471,5,0.001765,14,0.061342,3,0.001059
443,4,43,East Godavari,ATREYAPURAM,Atreyapuram,513,ATREYAPURAM,0,0,10,0.00007,0,0,0,0,2,0.001852,0,0
532,5,32,West Godavari,ATTILI,Attili,441,ATTILI,0,0,0,0,0,0,0,0,0,0,0,0
634,6,34,Krishna,AVANIGADDA,Avanigadda,672,AVANIGADA,0,0,45,0.000315,0,0,0,0,0,0,0,0
1108,11,8,Kadapa,B.KODUR,B.Kodur,81,B KODUR,0,0,626,0.004382,55,0.019415,1,0.000353,15,0.040218,8,0.002824
1005,10,5,Chittoor,B.KOTHAKOTA,B.Kothakota,122,B KOTHAKOTA,24,0.008472,448,0.003136,38,0.013414,7,0.002471,111,0.497489,9,0.003177
214,2,14,Vizianagaram,BADANGI,Badangi,537,BADANGI,18,0.006354,685,0.004795,78,0.027534,5,0.001765,21,0.023495,0,0
1111,11,11,Kadapa,BADVEL,Badvel,103,BADVEL,4,0.001412,392,0.002744,52,0.018356,9,0.003177,40,0.078988,4,0.001412
1061,10,61,Chittoor,BAIREDDIPALLE,Baireddipalle,205,BAIREDDI PALLE,3,0.001059,260,0.00182,38,0.013414,72,0.025416,168,0.594646,44,0.015532
936,9,36,Nellore,BALAYAPALLE,Balayapalle,254,BALAYAPALLE,0,0,550,0.00385,16,0.005648,5,0.001765,74,0.658378,22,0.007766
209,2,9,Vizianagaram,BALIJIPETA,Balijipeta,517,BALAJIPETA,0,0,381,0.002667,2,0.000706,3,0.001059,22,0.028034,0,0
817,8,17,Prakasam,BALLIKURAVA,Ballikurava,249,BALLIKURUVA,15,0.005295,365,0.002555,15,0.005295,6,0.002118,13,0.251404,16,0.005648
1344,13,44,Kurnool,BANAGANAPALLE,Banaganapalle,73,BANAGANAPALLE,83,0.029299,156,0.001092,124,0.043772,7,0.002471,31,0.376673,4,0.001412
1333,13,33,Kurnool,BANDI ATMAKUR,Bandi Atmakur,37,BANDI ATMAKUR,41,0.014473,54,0.000378,12,0.004236,0,0,20,0.284209,0,0
1057,10,57,Chittoor,BANGARUPALEM,Bangarupalem,209,BANGARUPALEM,56,0.019768,518,0.003626,73,0.025769,19,0.006707,113,0.380615,9,0.003177
645,6,45,Krishna,BANTUMILLI,Bantumilli,414,BANTUMILLI,0,0,31,0.000217,0,0,0,0,0,0,0,0
757,7,57,Guntur,BAPATLA,Bapatla,408,BAPATLA,0,0,385,0.002695,0,0,0,0,9,0.138778,0,0
626,6,26,Krishna,BAPULAPADU,Bapulapadu,670,BAPULAPAD,31,0.010943,248,0.001736,9,0.003177,6,0.002118,59,0.353066,15,0.005295
1231,12,31,Anantapur,BATHALAPALLE,Bathalapalle,49,BATHALAPALLE,15,0.005295,1026,0.007182,115,0.040595,18,0.006354,68,0.815377,33,0.011649
706,7,6,Guntur,BELLAMKONDA,Bellamkonda,275,BELLAMKONDA,0,0,212,0.001484,1,0.000353,0,0,4,0.052174,0,0
1216,12,16,Anantapur,BELUGUPPA,Beluguppa,25,BELUGUPPA,14,0.004942,764,0.005348,148,0.052244,32,0.011296,38,0.165734,25,0.008825
833,8,33,Prakasam,BESTAWARIPETA,Bestawaripeta,305,BESTAVARIPETA,46,0.016238,426,0.002982,161,0.056833,87,0.030711,29,0.33941,40,0.01412
1330,13,30,Kurnool,BETHAMCHERLA,Bethamcherla,590,BETHAMCHERLA,61,0.021533,146,0.001022,133,0.046949,34,0.012002,2,0.031445,11,0.003883
461,4,61,East Godavari,NELLIPAKA,Nellipaka,525,NELLIPAKA,0,0,0,0,0,0,0,0,48,0.085757,0,0
114,1,14,Srikakulam,BHAMINI,Bhamini,598,BHAMINI,14,0.004942,146,0.001022,114,0.040242,20,0.00706,256,0.57502,4,0.001412
751,7,51,Guntur,BHATTIPROLU,Bhattiprolu,397,BHATTIPROLU,0,0,219,0.001533,0,0,0,0,0,0,0,0
327,3,27,Visakhapatnam,BHEEMUNIPATNAM,Bheemunipatnam,519,BHEEMUNIPATNAM,12,0.004236,81,0.000567,27,0.009531,7,0.002471,38,0.112818,0,0
520,5,20,West Godavari,BHIMADOLE,Bhimadole,420,BHIMADOLE,0,0,659,0.004613,4,0.001412,0,0,36,0.244954,0,0
536,5,36,West Godavari,BHIMAVARAM,Bhimavaram,452,BHEEMAVARAM,0,0,0,0,0,0,0,0,0,0,0,0
226,2,26,Vizianagaram,BHOGAPURAM,Bhogapuram,561,BHOGHAPURAM,0,0,539,0.003773,66,0.023298,9,0.003177,83,0.147038,1,0.000353
434,4,34,East Godavari,BICCAVOLU,Biccavolu,485,BICCAVOLU,0,0,29,0.000203,0,0,0,0,25,1.022748,0,0
210,2,10,Vizianagaram,BOBBILI,Bobbili,549,BOBBILI,0,0,1781,0.012467,62,0.021886,33,0.011649,17,0.046052,16,0.005648
906,9,6,Nellore,BOGOLE,Bogole,215,BOGOLE,0,0,91,0.000637,2,0.000706,0,0,78,0.154526,0,0
721,7,21,Guntur,BOLLAPALLE,Bollapalle,308,BOLLAPALLE,639,0.225567,41,0.000287,29,0.010237,4,0.001412,19,0.242788,1,0.000353
1202,12,2,Anantapur,BOMMANAHAL,Bommanahal,606,BOMMANAHAL,1,0.000353,802,0.005614,30,0.01059,18,0.006354,5,0.077218,44,0.015532
220,2,20,Vizianagaram,BONDAPALLE,Bondapalle,577,BONDAPALLE,13,0.004589,2256,0.015792,165,0.058245,20,0.00706,443,1.323779,10,0.00353
1107,11,7,Kadapa,BRAHMAMGARIMATTAM,Brahmamgarimattam,54,BRAHMAMGARIMATTAM,32,0.011296,505,0.003535,112,0.039536,7,0.002471,2,0.00632,10,0.00353
1220,12,20,Anantapur,BRAHMASAMUDRAM,Brahmasamudram,18,BRAHMASAMUDRAM,99,0.034947,769,0.005383,132,0.046596,4,0.001412,78,0.520167,7,0.002471
1016,10,16,Chittoor,BUCHINAIDU  KANDRIGA,Buchinaidu  Kandriga,683,BUCHINAIDU KHANDRI,22,0.007766,454,0.003178,24,0.008472,51,0.018003,141,0.722228,20,0.00706
918,9,18,Nellore,BUCHIREDDIPALEM,Buchireddipalem,679,BUCCHIREDDIPALEM,0,0,31,0.000217,0,0,0,0,2,0.023353,0,0
1250,12,50,Anantapur,BUKKAPATNAM,Bukkapatnam,113,BUKKAPATNAM,17,0.006001,475,0.003325,104,0.036712,11,0.003883,170,1.059856,24,0.008472
1226,12,26,Anantapur,BUKKARAYA  SAMUDRAM,Bukkaraya  Samudram,62,BUKKARAYASAMUDRAM,24,0.008472,501,0.003507,143,0.050479,41,0.014473,15,0.578425,9,0.003177
111,1,11,Srikakulam,BURJA,Burja,613,BURJA,0,0,118,0.000826,236,0.083308,43,0.015179,484,0.635511,18,0.006354
320,3,20,Visakhapatnam,BUTCHAYYAPETA,Butchayyapeta,515,BUTCHAYYAPETA,57,0.020121,577,0.004039,42,0.014826,5,0.001765,123,0.34017,0,0
502,5,2,West Godavari,BUTTAYAGUDEM,Buttayagudem,363,BUTTAYAGUDEM,146,0.051538,62,0.000434,94,0.033182,38,0.013414,75,0.376153,16,0.005648
1305,13,5,Kurnool,C.BELAGAL,C.Belagal,657,C BELAGAL,21,0.007413,110,0.00077,199,0.070247,10,0.00353,0,0,4,0.001412
1339,13,39,Kurnool,CHAGALAMARRI,Chagalamarri,47,CHAGALAMARRI,37,0.013061,339,0.002373,67,0.023651,3,0.001059,6,0.137644,3,0.001059
515,5,15,West Godavari,CHAGALLU,Chagallu,406,CHAGALLU,0,0,0,0,0,0,0,0,0,0,0,0
1135,11,35,Kadapa,CHAKRAYAPET,Chakrayapet,648,CHAKNAYAPET,4,0.001412,165,0.001155,147,0.051891,65,0.022945,57,0.213132,43,0.015179
632,6,32,Krishna,CHALLAPALLE,Challapalle,671,CHALLAPALLE,0,0,16,0.000112,0,0,0,0,0,0,0,0
605,6,5,Krishna,CHANDARLAPADU,Chandarlapadu,326,CHANDARLAPADU,37,0.013061,185,0.001295,34,0.012002,10,0.00353,6,0.092449,4,0.001412
1028,10,28,Chittoor,CHANDRAGIRI,Chandragiri,172,CHANDRAGIRI,36,0.012708,727,0.005089,43,0.015179,6,0.002118,9,0.028056,20,0.00706
838,8,38,Prakasam,CHANDRASEKHARA PURAM,Chandrasekhara Puram,299,CHADRASEKARAPURAM,53,0.018709,414,0.002898,91,0.032123,102,0.036006,45,0.246228,69,0.024357
1114,11,14,Kadapa,CHAPAD,Chapad,96,CHAPAD,1,0.000353,206,0.001442,16,0.005648,0,0,0,0,0,0
624,6,24,Krishna,CHATRAI,Chatrai,380,CHATRAI,3,0.001059,320,0.00224,29,0.010237,25,0.008825,110,2.10003,4,0.001412
734,7,34,Guntur,CHEBROLU,Chebrolu,355,CHEBROLE,0,0,398,0.002786,0,0,0,0,0,0,0,0
308,3,8,Visakhapatnam,CHEEDIKADA,Cheedikada,471,CHEEDIKADA,13,0.004589,250,0.00175,13,0.004589,3,0.001059,180,0.493193,3,0.001059
223,2,23,Vizianagaram,CHEEPURUPALLE,Cheepurupalle,576,CHEEPURUPALLE,0,0,1451,0.010157,400,0.1412,6,0.002118,136,0.277941,11,0.003883
920,9,20,Nellore,CHEJERLA,Chejerla,230,CHEJERLA,0,0,219,0.001533,0,0,1,0.000353,36,0.074254,8,0.002824
1236,12,36,Anantapur,CHENNEKOTHAPALLE,Chennekothapalle,95,CHENNE KOTHAPALLE,115,0.040595,1208,0.008456,113,0.039889,19,0.006707,50,0.718206,26,0.009178
1127,11,27,Kadapa,CHENNUR2,Chennur2,120,CHENNUR,2,0.000706,10,0.00007,10,0.00353,2,0.000706,16,0.07847,2,0.000706
750,7,50,Guntur,CHERUKUPALLE,Cherukupalle,395,CHERUKUPALLE,0,0,631,0.004417,0,0,0,0,0,0,0,0
745,7,45,Guntur,CHILAKALURIPET,Chilakaluripet,381,CHILAKALURIPET,0,0,607,0.004249,1,0.000353,2,0.000706,1,0.003309,0,0
1255,12,55,Anantapur,CHILAMATHUR,Chilamathur,163,CHILAMATHUR,32,0.011296,813,0.005691,157,0.055421,61,0.021533,93,0.906716,138,0.048714
938,9,38,Nellore,CHILLAKUR,Chillakur,250,CHILLAKUR,0,0,130,0.00091,5,0.001765,0,0,6,0.009526,3,0.001059
829,8,29,Prakasam,CHIMAKURTHI,Chimakurthi,273,CHIMAKURTHI,0,0,522,0.003654,52,0.018356,3,0.001059,22,0.3063,5,0.001765
846,8,46,Prakasam,CHINAGANJAM,Chinaganjam,325,CHINAGANJAM,0,0,59,0.000413,6,0.002118,1,0.000353,2,0.028366,0,0
1029,10,29,Chittoor,CHINNAGOTTIGALLU,Chinnagottigallu,171,CHINNAGOTTIGALLU,14,0.004942,216,0.001512,59,0.020827,64,0.022592,241,0.198145,40,0.01412
1148,11,48,Kadapa,CHINNAMANDEM,Chinnamandem,173,CHINNAMANDEM,4,0.001412,238,0.001666,184,0.064952,56,0.019768,164,0.20725,74,0.026122
509,5,9,West Godavari,CHINTALAPUDI,Chintalapudi,368,CHINTALAPUDI,81,0.028593,424,0.002968,40,0.01412,5,0.001765,110,0.770226,0,0
312,3,12,Visakhapatnam,CHINTAPALLE,Chintapalle,482,CHINTAPALLE,97,0.034241,0,0,4,0.001412,0,0,44,0.112475,0,0
1132,11,32,Kadapa,CHINTHAKOMMADINNE,Chinthakommadinne,108,CHINTHA KOMMADINNE,18,0.006354,284,0.001988,33,0.011649,9,0.003177,27,0.076034,2,0.000706
463,4,63,East Godavari,CHINTUR,Chintur,582,CHINTUR,0,0,74,0.000518,0,0,0,0,41,0.04016,1,0.000353
1353,13,53,Kurnool,CHIPPAGIRI,Chippagiri,105,CHIPPAGIRI,20,0.00706,148,0.001036,37,0.013061,41,0.014473,1,0.054353,1,0.000353
823,8,23,Prakasam,CHIRALA,Chirala,286,CHIRALA,0,0,17,0.000119,0,0,0,0,1,0.054223,0,0
941,9,41,Nellore,CHITTAMUR,Chittamur,267,CHITTAMUR,0,0,26,0.000182,0,0,1,0.000353,5,0.006555,64,0.022592
1054,10,54,Chittoor,CHITTOOR,Chittoor,623,CHITTOOR MANDAL,12,0.004236,586,0.004102,55,0.019415,9,0.003177,94,0.250819,23,0.008119
1142,11,42,Kadapa,CHITVEL,Chitvel,140,CHITVEL,3,0.001059,329,0.002303,107,0.037771,4,0.001412,38,0.716249,28,0.009884
321,3,21,Visakhapatnam,CHODAVARAM,Chodavaram,509,CHODAVARAM,21,0.007413,338,0.002366,19,0.006707,2,0.000706,82,0.257314,1,0.000353
1038,10,38,Chittoor,CHOWDEPALLE,Chowdepalle,186,CHOWDEPALLE,5,0.001765,584,0.004088,69,0.024357,78,0.027534,264,0.916593,40,0.01412
834,8,34,Prakasam,CUMBUM,Cumbum,307,CUMBUM,7,0.002471,298,0.002086,47,0.016591,30,0.01059,10,0.08899,11,0.003883
1201,12,1,Anantapur,D.HIREHAL,D.Hirehal,654,D HIRCHAL,28,0.009884,552,0.003864,176,0.062128,8,0.002824,25,0.232932,11,0.003883
704,7,4,Guntur,DACHEPALLE,Dachepalle,280,DACHEPALLE,0,0,221,0.001547,0,0,0,0,4,0.017604,0,0
914,9,14,Nellore,DAGADARTHI,Dagadarthi,222,DAGADARTHI,0,0,121,0.000847,12,0.004236,3,0.001059,45,0.099914,11,0.003883
934,9,34,Nellore,DAKKILI,Dakkili,258,DAKKILI,31,0.010943,316,0.002212,16,0.005648,0,0,1,0.001446,17,0.006001
813,8,13,Prakasam,DARSI,Darsi,257,DARSI,45,0.015885,248,0.001736,102,0.036006,44,0.015532,72,0.217041,16,0.005648
217,2,17,Vizianagaram,DATTIRAJERU,Dattirajeru,555,DATTIRAJERU,15,0.005295,2063,0.014441,175,0.061775,13,0.004589,339,0.845618,7,0.002471
524,5,24,West Godavari,DENDULURU,Denduluru,413,DENDULURU,0,0,280,0.00196,0,0,0,0,58,0.773528,0,0
227,2,27,Vizianagaram,DENKADA,Denkada,564,DENKADA,0,0,573,0.004011,190,0.06707,41,0.014473,146,0.616506,8,0.002824
1327,13,27,Kurnool,DEVANAKONDA,Devanakonda,594,DEVANAKONDA,62,0.021886,48,0.000336,403,0.142259,94,0.033182,23,0.225075,44,0.015532
307,3,7,Visakhapatnam,DEVARAPALLE1,Devarapalle1,633,DEVARAPALLE (VISAKHAPATNAM),21,0.007413,170,0.00119,1,0.000353,8,0.002824,90,0.264006,6,0.002118
514,5,14,West Godavari,DEVARAPALLE2,Devarapalle2,403,DEVARAPALLE,5,0.001765,268,0.001876,4,0.001412,0,0,29,0.38688,0,0
414,4,14,East Godavari,DEVIPATNAM,Devipatnam,438,DEVIPATNAM,39,0.013767,3,0.000021,44,0.015532,8,0.002824,100,0.09809,0,0
1237,12,37,Anantapur,DHARMAVARAM,Dharmavaram,93,DHARMAVARAM,58,0.020474,1072,0.007504,163,0.057539,18,0.006354,88,0.844087,41,0.014473
1349,13,49,Kurnool,DHONE,Dhone,56,DHONE,61,0.021533,589,0.004123,211,0.074483,25,0.008825,16,0.190676,13,0.004589
805,8,5,Prakasam,DONAKONDA,Donakonda,236,DONAKONDA,32,0.011296,431,0.003017,81,0.028593,48,0.016944,44,0.269162,20,0.00706
944,9,44,Nellore,DORAVARISATRAM,Doravarisatram,287,DORAVARISATRAM,0,0,137,0.000959,0,0,6,0.002118,2,0.022356,21,0.007413
807,8,7,Prakasam,DORNALA,Dornala,233,DORNALA,170,0.06001,584,0.004088,82,0.028946,24,0.008472,35,0.812732,12,0.004236
1341,13,41,Kurnool,DORNIPADU,Dornipadu,19,DORNIPADU,15,0.005295,30,0.00021,0,0,10,0.00353,0,0,1,0.000353
728,7,28,Guntur,DUGGIRALA,Duggirala,321,DUGGIRALA,0,0,89,0.000623,0,0,0,0,1,0.083833,0,0
304,3,4,Visakhapatnam,DUMBRIGUDA,Dumbriguda,456,DUMBRIGUDA,81,0.028593,0,0,0,0,0,0,2,0.007095,0,0
719,7,19,Guntur,DURGI,Durgi,295,DURGI,195,0.068835,311,0.002177,11,0.003883,9,0.003177,11,0.651044,0,0
909,9,9,Nellore,DUTTALUR,Duttalur,211,DUTTALUR,56,0.019768,305,0.002135,48,0.016944,0,0,42,0.213984,9,0.003177
1105,11,5,Kadapa,DUVVUR,Duvvur,61,DUVVUR,3,0.001059,271,0.001897,50,0.01765,2,0.000706,7,0.008331,0,0
512,5,12,West Godavari,DWARAKA TIRUMALA,Dwaraka Tirumala,385,DWARAKA TIRUMALA,13,0.004589,1451,0.010157,4,0.001412,5,0.001765,103,0.455721,3,0.001059
737,7,37,Guntur,EDLAPADU,Edlapadu,353,EDLAPADU,0,0,269,0.001883,0,0,0,0,7,0.009926,0,0
523,5,23,West Godavari,ELURU,Eluru,410,ELURU,0,0,53,0.000371,1,0.000353,0,0,10,0.038528,0,0
108,1,8,Srikakulam,ETCHERLA,Etcherla,587,ETCHERLA,4,0.001412,207,0.001449,85,0.030005,38,0.013414,209,0.145909,32,0.011296
313,3,13,Visakhapatnam,G K VEEDHI,G K Veedhi,484,GUDEM KOTHAVEEDHI,90,0.03177,0,0,1,0.000353,0,0,0,0,0,0
311,3,11,Visakhapatnam,G MADUGULA,G Madugula,488,GANGARAJU MADUGULA,45,0.015885,0,0,0,0,0,0,100,0.109938,0,0
609,6,9,Krishna,G.KONDURU,G.Konduru,317,G KONDURU,98,0.034594,436,0.003052,16,0.005648,6,0.002118,44,0.642664,10,0.00353
1332,13,32,Kurnool,GADIVEMULA,Gadivemula,40,GADIVEMULA,31,0.010943,47,0.000329,19,0.006707,0,0,3,0.174264,1,0.000353
219,2,19,Vizianagaram,GAJAPATHINAGARAM,Gajapathinagaram,552,GAJAPATHINAGARAM,9,0.003177,1892,0.013244,181,0.063893,23,0.008119,154,0.267997,9,0.003177
330,3,30,Visakhapatnam,GAJUWAKA,Gajuwaka,547,GAJUWAKA,9,0.003177,8,0.000056,0,0,0,0,5,0.004825,0,0
1150,11,50,Kadapa,GALIVEEDU,Galiveedu,170,GALIVEEDU,8,0.002824,584,0.004088,108,0.038124,87,0.030711,330,0.946753,39,0.013767
612,6,12,Krishna,GAMPALAGUDEM,Gampalagudem,337,GAMPALAGUDEM,11,0.003883,572,0.004004,42,0.014826,15,0.005295,11,0.059818,5,0.001765
526,5,26,West Godavari,GANAPAVARAM,Ganapavaram,434,GANAPAVARAM,0,0,0,0,0,0,0,0,0,0,0,0
427,4,27,East Godavari,GANDEPALLE,Gandepalle,476,GANDEPALLE,19,0.006707,524,0.003668,14,0.004942,14,0.004942,101,0.213099,0,0
1243,12,43,Anantapur,GANDLAPENTA,Gandlapenta,135,GANDLAPENTA,40,0.01412,722,0.005054,95,0.033535,21,0.007413,101,0.153443,60,0.02118
1049,10,49,Chittoor,GANGADHARANELLORE,Gangadharanellore,195,GANGADHARA NELLORE,6,0.002118,702,0.004914,64,0.022592,63,0.022239,136,0.399947,19,0.006707
1059,10,59,Chittoor,GANGAVARAM1,Gangavaram1,207,GANGAVARAM,3,0.001059,467,0.003269,32,0.011296,58,0.020474,171,0.544345,23,0.008119
412,4,12,East Godavari,GANGAVARAM2,Gangavaram2,631,GANGAVARAM (EAST GODAVARI),192,0.067776,2,0.000014,17,0.006001,2,0.000706,102,0.193852,13,0.004589
105,1,5,Srikakulam,GANGUVARISIGADAM,Ganguvarisigadam,560,GANGUVARI SINGADAM,1,0.000353,180,0.00126,142,0.050126,4,0.001412,447,0.64839,8,0.002824
621,6,21,Krishna,GANNAVARAM,Gannavaram,366,GANNAVARAM,25,0.008825,214,0.001498,3,0.001059,6,0.002118,33,1.550762,0,0
229,2,29,Vizianagaram,GANTYADA,Gantyada,588,GANTYADA,3,0.001059,984,0.006888,158,0.055774,36,0.012708,265,0.87281,14,0.004942
120,1,20,Srikakulam,GARA,Gara,591,GARA,1,0.000353,96,0.000672,32,0.011296,11,0.003883,182,0.308308,3,0.001059
222,2,22,Vizianagaram,GARIVIDI,Garividi,571,GARIVIDI,13,0.004589,1464,0.010248,325,0.114725,25,0.008825,192,0.648181,12,0.004236
1213,12,13,Anantapur,GARLADINNE,Garladinne,33,GARLADINNE,20,0.00706,653,0.004571,184,0.064952,14,0.004942,4,0.091685,28,0.009884
205,2,5,Vizianagaram,GARUGUBILLI,Garugubilli,501,GARUGUBILLI,0,0,560,0.00392,2,0.000706,9,0.003177,53,0.149022,0,0
631,6,31,Krishna,GHANTASALA,Ghantasala,391,GHANTASALA,0,0,27,0.000189,0,0,0,0,0,0,0,0
836,8,36,Prakasam,GIDDALUR,Giddalur,303,GIDDALURU,117,0.041301,856,0.005992,97,0.034241,52,0.018356,41,0.356596,44,0.015532
417,4,17,East Godavari,GOKAVARAM,Gokavaram,447,GOKAVARAM,71,0.025063,663,0.004641,20,0.00706,0,0,109,0.025989,2,0.000706
408,4,8,East Godavari,GOLLAPROLU,Gollaprolu,422,GOLLAPROLU,0,0,333,0.002331,22,0.007766,0,0,28,0.055538,0,0
315,3,15,Visakhapatnam,GOLUGONDA,Golugonda,480,GOLUGONDA,12,0.004236,403,0.002821,76,0.026828,21,0.007413,110,0.205914,0,0
1320,13,20,Kurnool,GONEGANDLA,Gonegandla,615,GONEGANDLA,40,0.01412,288,0.002016,51,0.018003,3,0.001059,2,0.005063,4,0.001412
1206,12,6,Anantapur,GOOTY,Gooty,593,GOOTY,13,0.004589,1064,0.007448,200,0.0706,16,0.005648,56,1.101763,27,0.009531
505,5,5,West Godavari,GOPALAPURAM,Gopalapuram,374,GOPALAPURAM,22,0.007766,664,0.004648,1,0.000353,10,0.00353,83,0.481867,0,0
1112,11,12,Kadapa,GOPAVARAM,Gopavaram,100,GOPAVARAM,18,0.006354,473,0.003311,76,0.026828,10,0.00353,16,0.231414,5,0.001765
1248,12,48,Anantapur,GORANTLA,Gorantla,121,GORANTLA,26,0.009178,978,0.006846,182,0.064246,51,0.018003,202,1.637136,80,0.02824
1342,13,42,Kurnool,GOSPADU,Gospadu,79,GOSPADU,2,0.000706,228,0.001596,2,0.000706,1,0.000353,3,0.052818,0,0
1260,12,60,Anantapur,GUDIBANDA,Gudibanda,147,GUDIBANDA,18,0.006354,806,0.005642,223,0.078719,19,0.006707,74,0.896018,34,0.012002
1055,10,55,Chittoor,GUDIPALA,Gudipala,190,GUDIPALA,15,0.005295,567,0.003969,38,0.013414,42,0.014826,101,0.284778,12,0.004236
642,6,42,Krishna,GUDIVADA,Gudivada,415,GUDIVADA,0,0,1,0.000007,0,0,0,0,0,0,0,0
643,6,43,Krishna,GUDLAVALLERU,Gudlavalleru,418,GUDLAVALLERU,0,0,28,0.000196,0,0,0,0,0,0,0,0
854,8,54,Prakasam,GUDLURU,Gudluru,339,GUDLURU,10,0.00353,636,0.004452,47,0.016591,2,0.000706,46,0.539243,36,0.012708
1065,10,65,Chittoor,GUDUPALLE,Gudupalle,201,GUDI PALLE,15,0.005295,898,0.006286,104,0.036712,103,0.036359,124,0.137838,41,0.014473
1306,13,6,Kurnool,GUDUR1,Gudur1,637,GUDUR (KURNOOL),29,0.010237,117,0.000819,50,0.01765,1,0.000353,1,0.02177,2,0.000706
932,9,32,Nellore,GUDUR2,Gudur2,262,GUDUR,0,0,306,0.002142,20,0.00706,4,0.001412,17,0.102026,33,0.011649
638,6,38,Krishna,GUDURU,Guduru,630,GUDUR (KRISHNA),0,0,18,0.000126,0,0,0,0,0,0,0,0
1219,12,19,Anantapur,GUMMAGATTA,Gummagatta,45,GUMMAGATTA,5,0.001765,683,0.004781,104,0.036712,29,0.010237,24,0.272146,13,0.004589
202,2,2,Vizianagaram,GUMMALAKSHMIPURAM,Gummalakshmipuram,504,GUMMALAKSHMIPURAM,111,0.039183,0,0,122,0.043066,5,0.001765,38,0.409441,9,0.003177
1205,12,5,Anantapur,GUNTAKAL,Guntakal,596,GUNTAKAL,31,0.010943,738,0.005166,140,0.04942,51,0.018003,26,0.767379,16,0.005648
726,7,26,Guntur,GUNTUR,Guntur,627,GUNTUR MANDAL,3,0.001059,74,0.000518,0,0,0,0,9,0.108554,0,0
703,7,3,Guntur,GURAZALA,Gurazala,277,GURAZALA,2,0.000706,388,0.002716,2,0.000706,0,0,20,0.110777,0,0
221,2,21,Vizianagaram,GURLA,Gurla,580,GURLA,24,0.008472,1313,0.009191,197,0.069541,69,0.024357,149,0.43439,0,0
1007,10,7,Chittoor,GURRAMKONDA,Gurramkonda,116,GURRAMKONDA,45,0.015885,167,0.001169,85,0.030005,19,0.006707,128,1.129737,32,0.011296
1354,13,54,Kurnool,HALAHARVI,Halaharvi,102,HALAHARVI,22,0.007766,219,0.001533,20,0.00706,3,0.001059,3,0.042637,7,0.002471
832,8,32,Prakasam,HANUMANTHUNIPADU,Hanumanthunipadu,291,HANUMANTHUNIPADU,43,0.015179,294,0.002058,69,0.024357,101,0.035653,13,0.082983,50,0.01765
1257,12,57,Anantapur,HINDUPUR,Hindupur,158,HINDUPUR,6,0.002118,230,0.00161,92,0.032476,40,0.01412,28,0.477876,31,0.010943
116,1,16,Srikakulam,HIRAMANDALAM,Hiramandalam,592,HIRAMANDALAM,6,0.002118,157,0.001099,126,0.044478,24,0.008472,237,0.31744,3,0.001059
1324,13,24,Kurnool,HOLAGUNDA,Holagunda,603,HOLAGUNDA,15,0.005295,158,0.001106,76,0.026828,18,0.006354,13,0.10331,7,0.002471
303,3,3,Visakhapatnam,HUKUMPETA,Hukumpeta,660,HUKUMPETA,51,0.018003,0,0,0,0,0,0,0,0,0,0
451,4,51,East Godavari,I. POLAVARAM,I. Polavaram,548,I POLAVARAM,0,0,20,0.00014,0,0,0,0,0,0,0,0
608,6,8,Krishna,IBRAHIMPATNAM2,Ibrahimpatnam2,315,IBRAHIMPATNAM,27,0.009531,227,0.001589,5,0.001765,3,0.001059,9,0.214609,0,0
137,1,37,Srikakulam,ICHCHAPURAM,Ichchapuram,64,ICHCHAPURAM,2,0.000706,30,0.00021,61,0.021533,41,0.014473,136,0.289982,10,0.00353
927,9,27,Nellore,INDUKURPET,Indukurpet,232,INDUKURPET,0,0,0,0,0,0,0,0,0,0,0,0
825,8,25,Prakasam,INKOLLU,Inkollu,281,INKOLLU,0,0,88,0.000616,1,0.000353,1,0.000353,2,0.019582,1,0.000353
741,7,41,Guntur,IPUR,Ipur,677,IPURU,247,0.087191,168,0.001176,1,0.000353,0,0,10,0.144111,0,0
531,5,31,West Godavari,IRAGAVARAM,Iragavaram,444,IRAGAVARAM,0,0,0,0,0,0,0,0,0,0,0,0
1052,10,52,Chittoor,IRALA,Irala,192,IRALA,16,0.005648,232,0.001624,30,0.01059,7,0.002471,69,0.416193,27,0.009531
418,4,18,East Godavari,JAGGAMPETA,Jaggampeta,449,JAGGAMPETA,36,0.012708,479,0.003353,29,0.010237,0,0,148,0.159375,13,0.004589
601,6,1,Krishna,JAGGAYYAPETA,Jaggayyapeta,310,JAGGAYYAPETA,63,0.022239,661,0.004627,35,0.012355,4,0.001412,16,0.296698,0,0
904,9,4,Nellore,JALADANKI,Jaladanki,216,JALADANKI,27,0.009531,220,0.00154,5,0.001765,1,0.000353,57,0.15475,10,0.00353
123,1,23,Srikakulam,JALUMURU,Jalumuru,32,JALUMURU,0,0,147,0.001029,69,0.024357,47,0.016591,275,0.281765,7,0.002471
233,2,33,Vizianagaram,JAMI,Jami,605,JAMI,0,0,530,0.00371,56,0.019768,21,0.007413,79,0.336116,0,0
1116,11,16,Kadapa,JAMMALAMADUGU,Jammalamadugu,92,JAMMALAMADUGU,4,0.001412,168,0.001176,78,0.027534,5,0.001765,22,0.073238,6,0.002118
826,8,26,Prakasam,JANAKAVARAMPANGULURU,Janakavarampanguluru,678,JANAKAVARAMPANGULU,1,0.000353,473,0.003311,27,0.009531,18,0.006354,14,0.154304,6,0.002118
507,5,7,West Godavari,JANGAREDDIGUDEM,Jangareddigudem,369,JANGAREDDIGUDEM,12,0.004236,728,0.005096,8,0.002824,12,0.004236,44,0.416357,16,0.005648
501,5,1,West Godavari,JEELUGU MILLI,Jeelugu Milli,360,JEELUGUMILLI,64,0.022592,517,0.003619,33,0.011649,5,0.001765,33,0.19337,24,0.008472
204,2,4,Vizianagaram,JIYYAMMAVALASA,Jiyyammavalasa,498,JIYYAMMA VALASA,0,0,1,0.000007,60,0.02118,15,0.005295,1,0.000763,3,0.001059
1315,13,15,Kurnool,JUPADU BUNGALOW,Jupadu Bungalow,565,JUPADU BUNGALOW,12,0.004236,26,0.000182,61,0.021533,5,0.001765,16,0.255978,1,0.000353
322,3,22,Visakhapatnam,K KOTAPADU,K Kotapadu,512,K KOTAPADU,56,0.019768,485,0.003395,55,0.019415,27,0.009531,295,0.563276,0,0
1023,10,23,Chittoor,K.V.B.PURAM,K.V.B.Puram,682,K V B PURAM,60,0.02118,639,0.004473,35,0.012355,6,0.002118,174,1.023607,20,0.00706
1131,11,31,Kadapa,KADAPA,Kadapa,622,CUDDAPAH MANDAL,2,0.000706,13,0.000091,1,0.000353,2,0.000706,10,0.04915,0,0
431,4,31,East Godavari,KADIAM,Kadiam,487,KADIAM,0,0,1,0.000007,0,0,0,0,16,0.231856,0,0
1244,12,44,Anantapur,KADIRI,Kadiri,132,KADIRI,43,0.015179,585,0.004095,55,0.019415,12,0.004236,96,0.374619,23,0.008119
648,6,48,Krishna,KAIKALUR,Kaikalur,427,KAIKALUR,0,0,0,0,0,0,0,0,0,0,0,0
438,4,38,East Godavari,KAJULURU,Kajuluru,496,KAJULURU,0,0,5,0.000035,0,0,0,0,0,0,0,0
424,4,24,East Godavari,KAKINADA (FULLY URBAN),Kakinada (Fully Urban),664,KAKINADA (URBAN),0,0,26,0.000182,0,0,0,0,0,0,0,0
423,4,23,East Godavari,KAKINADA (RURAL),Kakinada (Rural),462,KAKINADA (RURAL),0,0,50,0.00035,0,0,0,0,0,0,0,0
747,7,47,Guntur,KAKUMANU,Kakumanu,375,KAKUMANU,0,0,126,0.000882,0,0,0,0,1,0.003266,0,0
1008,10,8,Chittoor,KALAKADA,Kalakada,114,KALAKADA,45,0.015885,56,0.000392,54,0.019062,47,0.016591,113,0.41667,50,0.01765
1109,11,9,Kadapa,KALASAPADU,Kalasapadu,80,KALASAPADU,12,0.004236,118,0.000826,67,0.023651,9,0.003177,34,0.213329,22,0.007766
649,6,49,Krishna,KALIDINDI,Kalidindi,430,KALIDINDI,0,0,0,0,0,0,0,0,0,0,0,0
907,9,7,Nellore,KALIGIRI,Kaligiri,212,KALIGIRI,2,0.000706,403,0.002821,60,0.02118,6,0.002118,3,0.032472,21,0.007413
1032,10,32,Chittoor,KALIKIRI,Kalikiri,167,KALIKIRI,2,0.000706,85,0.000595,65,0.022945,64,0.022592,141,2.815629,41,0.014473
535,5,35,West Godavari,KALLA,Kalla,439,KALLA,0,0,0,0,0,0,0,0,0,0,0,0
1318,13,18,Kurnool,KALLUR2,Kallur2,586,KALLUR,63,0.022239,214,0.001498,160,0.05648,15,0.005295,9,0.073317,4,0.001412
922,9,22,Nellore,KALUVOYA,Kaluvoya,244,KALUVOYA,77,0.027181,442,0.003094,10,0.00353,0,0,29,0.049495,9,0.003177
1223,12,23,Anantapur,KALYANDURG,Kalyandurg,656,KALYANDURG,95,0.033535,1265,0.008855,213,0.075189,41,0.014473,13,0.238243,100,0.0353
1125,11,25,Kadapa,KAMALAPURAM,Kamalapuram,125,KAMALAPURAM,5,0.001765,737,0.005159,58,0.020474,9,0.003177,2,0.005837,6,0.002118
511,5,11,West Godavari,KAMAVARAPUKOTA,Kamavarapukota,393,KAMAVARAPUKOTA,20,0.00706,711,0.004977,21,0.007413,1,0.000353,7,0.073315,2,0.000706
1234,12,34,Anantapur,KAMBADUR,Kambadur,99,KAMBADUR,106,0.037418,1094,0.007658,109,0.038477,12,0.004236,102,0.66388,61,0.021533
1009,10,9,Chittoor,KAMBHAMVARIPALLE,Kambhamvaripalle,136,KAMBHAMVARIPALLE,24,0.008472,126,0.000882,102,0.036006,44,0.015532,81,0.199294,45,0.015885
1233,12,33,Anantapur,KANAGANAPALLE,Kanaganapalle,101,KANAGANAPALLE,157,0.055421,1359,0.009513,172,0.060716,20,0.00706,17,0.287919,61,0.021533
606,6,6,Krishna,KANCHIKACHERLA,Kanchikacherla,318,KANCHIKA CHERLA,10,0.00353,174,0.001218,14,0.004942,3,0.001059,3,0.106327,2,0.000706
135,1,35,Srikakulam,KANCHILI,Kanchili,71,KANCHILI,13,0.004589,108,0.000756,191,0.067423,32,0.011296,282,0.460161,3,0.001059
850,8,50,Prakasam,KANDUKUR1,Kandukur1,344,KANDUKUR,17,0.006001,290,0.00203,17,0.006001,44,0.015532,7,0.099535,9,0.003177
1217,12,17,Anantapur,KANEKAL,Kanekal,23,KANEKAL,5,0.001765,525,0.003675,103,0.036359,115,0.040595,50,0.424231,26,0.009178
831,8,31,Prakasam,KANIGIRI,Kanigiri,289,KANIGIRI,92,0.032476,224,0.001568,95,0.033535,96,0.033888,39,0.681774,49,0.017297
620,6,20,Krishna,KANKIPADU,Kankipadu,669,KANKIPADU,0,0,39,0.000273,0,0,0,0,0,0,0,0
441,4,41,East Godavari,KAPILESWARAPURAM,Kapileswarapuram,516,KAPILESWARAPURAM,0,0,0,0,0,0,0,0,0,0,0,0
822,8,22,Prakasam,KARAMCHEDU,Karamchedu,284,KARAMCHEDU,0,0,30,0.00021,4,0.001412,0,0,0,0,0,0
436,4,36,East Godavari,KARAPA,Karapa,481,KARAPA,0,0,36,0.000252,0,0,0,0,2,0.004663,0,0
718,7,18,Guntur,KAREMPUDI,Karempudi,293,KAREMPUDI,72,0.025416,294,0.002058,2,0.000706,0,0,3,0.011792,0,0
756,7,56,Guntur,KARLAPALEM,Karlapalem,405,KARLAPALEM,0,0,385,0.002695,0,0,0,0,0,0,0,0
1046,10,46,Chittoor,KARVETINAGAR,Karvetinagar,198,KARVETINAGAR,16,0.005648,1341,0.009387,103,0.036359,27,0.009531,119,0.764066,75,0.026475
335,3,35,Visakhapatnam,KASIMKOTA,Kasimkota,538,KASIMKOTA,20,0.00706,616,0.004312,36,0.012708,14,0.004942,135,0.183423,3,0.001059
452,4,52,East Godavari,KATRENIKONA,Katrenikona,551,KATRENIKONA,0,0,3,0.000021,0,0,0,0,0,0,0,0
905,9,5,Nellore,KAVALI,Kavali,214,KAVALI,30,0.01059,113,0.000791,11,0.003883,1,0.000353,94,0.529117,5,0.001765
136,1,36,Srikakulam,KAVITI,Kaviti,60,KAVITI,0,0,38,0.000266,184,0.064952,34,0.012002,101,0.13516,7,0.002471
1113,11,13,Kadapa,KHAJIPET,Khajipet,98,KHAJIPET,1,0.000353,487,0.003409,39,0.013767,5,0.001765,0,0,2,0.000706
419,4,19,East Godavari,KIRLAMPUDI,Kirlampudi,446,KIRLAMPUDI,0,0,45,0.000315,0,0,0,0,24,0.790538,0,0
917,9,17,Nellore,KODAVALUR,Kodavalur,221,KODAVALUR,0,0,0,0,0,0,0,0,10,0.036743,1,0.000353
1319,13,19,Kurnool,KODUMUR,Kodumur,584,KODUMUR,47,0.016591,22,0.000154,131,0.046243,3,0.001059,4,0.026001,1,0.000353
1143,11,43,Kadapa,KODUR,Kodur,138,KODUR,4,0.001412,359,0.002513,93,0.032829,6,0.002118,24,0.219316,7,0.002471
636,6,36,Krishna,KODURU,Koduru,407,KODURU,0,0,154,0.001078,0,0,0,0,0,0,0,0
1343,13,43,Kurnool,KOILKUNTLA,Koilkuntla,76,KOILKUNTLA,68,0.024004,64,0.000448,42,0.014826,0,0,0,0,9,0.003177
1346,13,46,Kurnool,KOLIMIGUNDLA,Kolimigundla,66,KOLIMIGUNDLA,67,0.023651,74,0.000518,28,0.009884,17,0.006001,48,0.392535,17,0.006001
729,7,29,Guntur,KOLLIPARA,Kollipara,316,KOLLIPARA,0,0,158,0.001106,0,0,0,0,0,0,0,0
730,7,30,Guntur,KOLLUR,Kollur,340,KOLLUR,0,0,267,0.001869,0,0,0,0,0,0,0,0
201,2,1,Vizianagaram,KOMARADA,Komarada,511,KOMARADA,37,0.013061,5,0.000035,51,0.018003,19,0.006707,38,0.085399,3,0.001059
837,8,37,Prakasam,KOMAROLU,Komarolu,297,KOMAROLU,20,0.00706,417,0.002919,90,0.03177,42,0.014826,30,0.101085,27,0.009531
811,8,11,Prakasam,KONAKANAMITLA,Konakanamitla,261,KONAKANAMITLA,62,0.021886,536,0.003752,179,0.063187,35,0.012355,37,0.275195,42,0.014826
842,8,42,Prakasam,KONDAPI,Kondapi,309,KONDAPI,24,0.008472,291,0.002037,43,0.015179,34,0.012002,21,0.113309,76,0.026828
1101,11,1,Kadapa,KONDAPURAM1,Kondapuram1,75,KONDAPURAM,7,0.002471,352,0.002464,105,0.037065,12,0.004236,5,0.009806,3,0.001059
903,9,3,Nellore,KONDAPURAM2,Kondapuram2,624,KONDAPURAM (NELLORE),53,0.018709,1044,0.007308,78,0.027534,9,0.003177,21,0.199833,12,0.004236
827,8,27,Prakasam,KORISAPADU,Korisapadu,276,KORISAPADU,0,0,124,0.000868,11,0.003883,4,0.001412,6,0.139242,42,0.014826
416,4,16,East Godavari,KORUKONDA,Korukonda,453,KORUKONDA,15,0.005295,243,0.001701,0,0,0,0,122,6.118296,0,0
1302,13,2,Kurnool,KOSIGI,Kosigi,540,KOSIGI,72,0.025416,331,0.002317,86,0.030358,13,0.004589,30,0.09968,4,0.001412
939,9,39,Nellore,KOTA,Kota,252,KOTA,0,0,51,0.000357,0,0,0,0,4,0.010802,10,0.00353
128,1,28,Srikakulam,KOTABOMMALI,Kotabommali,652,KOTABOMMAL,1,0.000353,84,0.000588,113,0.039889,38,0.013414,350,0.997441,13,0.004589
405,4,5,East Godavari,KOTANANDURU,Kotananduru,433,KOTANANDURU,18,0.006354,354,0.002478,49,0.017297,9,0.003177,86,0.115958,1,0.000353
337,3,37,Visakhapatnam,KOTAURATLA,Kotauratla,530,KOTAURATLA,22,0.007766,328,0.002296,30,0.01059,6,0.002118,61,0.14457,1,0.000353
847,8,47,Prakasam,KOTHA PATNAM,Kotha Patnam,327,KOTHAPATNAM,0,0,76,0.000532,4,0.001412,7,0.002471,2,0.05329,0,0
1251,12,51,Anantapur,KOTHACHERUVU,Kothacheruvu,112,KOTHACHERUVU,21,0.007413,661,0.004627,88,0.031064,8,0.002824,54,0.38131,8,0.002824
422,4,22,East Godavari,KOTHAPALLE1,Kothapalle1,663,KOTHAPALLEE,0,0,152,0.001064,0,0,0,0,0,0,0,0
1310,13,10,Kurnool,KOTHAPALLE2,Kothapalle2,579,KOTHAPALLE,12,0.004236,25,0.000175,49,0.017297,14,0.004942,7,0.120964,3,0.001059
446,4,46,East Godavari,KOTHAPETA,Kothapeta,500,KOTHAPETA,0,0,3,0.000021,0,0,0,0,1,0.00003,0,0
234,2,34,Vizianagaram,KOTHAVALASA,Kothavalasa,609,KOTHAVALASA,0,0,1214,0.008498,259,0.091427,6,0.002118,163,0.387413,0,0
115,1,15,Srikakulam,KOTHURU,Kothuru,601,KOTHURU,9,0.003177,204,0.001428,111,0.039183,39,0.013767,353,0.802408,14,0.004942
926,9,26,Nellore,KOVUR,Kovur,237,KOVUR,0,0,3,0.000021,0,0,0,0,0,0,0,0
516,5,16,West Godavari,KOVVUR,Kovvur,400,KOVVUR,0,0,34,0.000238,0,0,0,0,1,0.000039,0,0
1301,13,1,Kurnool,KOWTHALAM,Kowthalam,544,KOWTHALAM,6,0.002118,61,0.000427,35,0.012355,5,0.001765,10,0.028512,5,0.001765
506,5,6,West Godavari,KOYYALAGUDEM,Koyyalagudem,376,KOYYALAGUDEM,11,0.003883,776,0.005432,6,0.002118,20,0.00706,45,0.252101,1,0.000353
314,3,14,Visakhapatnam,KOYYURU,Koyyuru,478,KOYYURU,56,0.019768,0,0,13,0.004589,0,0,17,0.106539,0,0
1328,13,28,Kurnool,KRISHNAGIRI,Krishnagiri,620,KRISHNAGIRI,99,0.034947,195,0.001365,168,0.059304,9,0.003177,42,0.422375,4,0.001412
708,7,8,Guntur,KROSURU,Krosuru,272,KROSURU,0,0,100,0.0007,3,0.001059,2,0.000706,3,0.030325,0,0
650,6,50,Krishna,KRUTHIVENNU,Kruthivennu,445,KRUTHIVENNU,0,0,34,0.000238,0,0,0,0,0,0,0,0
1214,12,14,Anantapur,KUDAIR,Kudair,30,KUDAIR,57,0.020121,426,0.002982,216,0.076248,10,0.00353,88,0.701025,25,0.008825
547,5,47,West Godavari,KUKUNOOR,Kukunoor,474,KUKUNOOR,0,0,0,0,0,0,0,0,0,0,0,0
462,4,62,East Godavari,KUNAVARAM,Kunavaram,578,KUNAVARAM,0,0,5,0.000035,0,0,0,0,18,0.071233,0,0
1222,12,22,Anantapur,KUNDURPI,Kundurpi,655,KUNDURPI,89,0.031417,499,0.003493,137,0.048361,64,0.022592,13,0.127613,21,0.007413
1066,10,66,Chittoor,KUPPAM,Kuppam,200,KUPPAM,27,0.009531,784,0.005488,151,0.053303,104,0.036712,105,0.464337,64,0.022592
1006,10,6,Chittoor,KURABALAKOTA,Kurabalakota,119,KURABALAKOTA,10,0.00353,187,0.001309,36,0.012708,79,0.027887,211,0.285521,45,0.015885
804,8,4,Prakasam,KURICHEDU,Kurichedu,235,KURICHEDU,38,0.013414,35,0.000245,120,0.04236,16,0.005648,35,0.197926,15,0.005295
1307,13,7,Kurnool,KURNOOL,Kurnool,636,KURNOOL MANDAL,50,0.01765,100,0.0007,101,0.035653,13,0.004589,30,0.128927,1,0.000353
203,2,3,Vizianagaram,KURUPAM,Kurupam,507,KURUPAM,59,0.020827,112,0.000784,34,0.012002,23,0.008119,98,0.73506,18,0.006354
232,2,32,Vizianagaram,LAKKAVARAPUKOTA,Lakkavarapukota,614,LAKKAVARAPUKOTA,0,0,1625,0.011375,172,0.060716,20,0.00706,282,1.06674,0,0
1136,11,36,Kadapa,LAKKIREDDIPALLE,Lakkireddipalle,157,LAKKIREDDIPALLE,1,0.000353,242,0.001694,107,0.037771,43,0.015179,158,0.420775,31,0.010943
138,1,38,Srikakulam,LAKSHMINARSUPETA,Lakshminarsupeta,653,LAXMINARASAMPET,0,0,30,0.00021,59,0.020827,14,0.004942,149,0.313945,40,0.01412
106,1,6,Srikakulam,LAVERU,Laveru,563,LAVERU,0,0,248,0.001736,383,0.135199,43,0.015179,352,0.552784,9,0.003177
1256,12,56,Anantapur,LEPAKSHI,Lepakshi,160,LEPAKSHI,4,0.001412,800,0.0056,174,0.061422,11,0.003883,47,0.446271,13,0.004589
1119,11,19,Kadapa,LINGALA,Lingala,106,LINGALA,26,0.009178,162,0.001134,109,0.038477,8,0.002824,12,0.048207,2,0.000706
510,5,10,West Godavari,LINGAPALEM,Lingapalem,390,LINGAPALEM,8,0.002824,157,0.001099,5,0.001765,1,0.000353,59,0.671829,3,0.001059
853,8,53,Prakasam,LINGASAMUDRAM,Lingasamudram,336,LINGASAMUDRAM,28,0.009884,75,0.000525,27,0.009531,22,0.007766,48,0.515756,16,0.005648
705,7,5,Guntur,MACHAVARAM,Machavaram,274,MACHAVARAM,0,0,374,0.002618,1,0.000353,2,0.000706,4,0.031676,0,0
701,7,1,Guntur,MACHERLA,Macherla,283,MACHERLA,67,0.023651,165,0.001155,21,0.007413,4,0.001412,2,0.004945,2,0.000706
637,6,37,Krishna,MACHILIPATNAM,Machilipatnam,401,MACHILIPATNAM,0,0,175,0.001225,0,0,0,0,24,0.118327,0,0
1259,12,59,Anantapur,MADAKASIRA,Madakasira,153,MADAKASIRA,100,0.0353,537,0.003759,180,0.06354,12,0.004236,38,1.005632,69,0.024357
1035,10,35,Chittoor,MADANAPALLE,Madanapalle,646,MANDAPALLE,24,0.008472,196,0.001372,81,0.028593,45,0.015885,137,0.52909,64,0.022592
1352,13,52,Kurnool,MADDIKERA (EAST),Maddikera (East),50,MADDIKERA EAST,45,0.015885,218,0.001526,48,0.016944,19,0.006707,25,0.253959,0,0
828,8,28,Prakasam,MADDIPADU,Maddipadu,271,MADDIPADU,0,0,94,0.000658,19,0.006707,2,0.000706,9,0.122195,0,0
309,3,9,Visakhapatnam,MADUGULA,Madugula,469,MADUGULA,10,0.00353,108,0.000756,30,0.01059,1,0.000353,81,0.351479,0,0
1335,13,35,Kurnool,MAHANANDI,Mahanandi,31,MAHANANDI,9,0.003177,56,0.000392,11,0.003883,0,0,6,0.084857,0,0
336,3,36,Visakhapatnam,MAKAVARAPALEM,Makavarapalem,527,MAKAVARAPALEM,21,0.007413,867,0.006069,65,0.022945,6,0.002118,82,0.145387,5,0.001765
207,2,7,Vizianagaram,MAKKUVA,Makkuva,521,MAKKUVA,16,0.005648,55,0.000385,27,0.009531,1,0.000353,0,0,10,0.00353
458,4,58,East Godavari,MALIKIPURAM,Malikipuram,531,MALIKIPURAM,0,0,713,0.004991,0,0,0,0,0,0,0,0
456,4,56,East Godavari,MAMIDIKUDURU,Mamidikuduru,539,MAMIDIKUDURU,0,0,38,0.000266,0,0,0,0,0,0,0,0
432,4,32,East Godavari,MANDAPETA,Mandapeta,489,MANDAPETA,0,0,9,0.000063,0,0,0,0,26,0.042587,0,0
133,1,33,Srikakulam,MANDASA,Mandasa,77,MANDASA,33,0.011649,65,0.000455,245,0.086485,119,0.042007,262,0.267402,79,0.027887
647,6,47,Krishna,MANDAVALLI,Mandavalli,435,MANDAVALLI,0,0,4,0.000028,0,0,0,0,0,0,0,0
712,7,12,Guntur,MANGALAGIRI,Mangalagiri,304,MANGALAGIRI,2,0.000706,39,0.000273,0,0,0,0,7,0.028173,0,0
1303,13,3,Kurnool,MANTRALAYAM,Mantralayam,536,MANTRALAYAM,20,0.00706,169,0.001183,158,0.055774,40,0.01412,16,0.140102,0,0
931,9,31,Nellore,MANUBOLU,Manubolu,248,MANUBOLU,0,0,48,0.000336,0,0,0,0,21,0.105364,1,0.000353
401,4,1,East Godavari,MAREDUMILLI,Maredumilli,416,MAREDUMILLI,43,0.015179,0,0,23,0.008119,2,0.000706,69,0.077113,5,0.001765
809,8,9,Prakasam,MARKAPUR,Markapur,229,MARKAPUR,1,0.000353,400,0.0028,75,0.026475,32,0.011296,33,0.371136,14,0.004942
911,9,11,Nellore,MARRIPADU,Marripadu,226,MARRIPADU,206,0.072718,452,0.003164,109,0.038477,14,0.004942,27,0.129912,52,0.018356
830,8,30,Prakasam,MARRIPUDI,Marripudi,292,MARRIPUDI,79,0.027887,260,0.00182,119,0.042007,43,0.015179,33,0.363384,95,0.033535
820,8,20,Prakasam,MARTUR,Martur,266,MARTUR,10,0.00353,570,0.00399,19,0.006707,42,0.014826,8,0.131237,38,0.013414
725,7,25,Guntur,MEDIKONDURU,Medikonduru,324,MEDIKONDURU,0,0,248,0.001736,1,0.000353,0,0,1,0.017055,0,0
126,1,26,Srikakulam,MELIAPUTTI,Meliaputti,650,MELIAPUTTI,16,0.005648,107,0.000749,291,0.102723,41,0.014473,251,0.326765,42,0.014826
218,2,18,Vizianagaram,MENTADA,Mentada,558,MENTADA,43,0.015179,1409,0.009863,73,0.025769,7,0.002471,247,0.854168,0,0
216,2,16,Vizianagaram,MERAKAMUDIDAM,Merakamudidam,529,MERAKAMUDIDAM,49,0.017297,528,0.003696,234,0.082602,17,0.006001,149,0.388322,0,0
1316,13,16,Kurnool,MIDTHUR,Midthur,562,MIDTHUR,67,0.023651,42,0.000294,101,0.035653,8,0.002824,11,0.190437,17,0.006001
546,5,46,West Godavari,MOGALTHUR,Mogalthur,458,MOGALTHUR,0,0,0,0,0,0,0,0,0,0,0,0
633,6,33,Krishna,MOPIDEVI,Mopidevi,386,MOPIDEVI,0,0,3,0.000021,0,0,0,0,0,0,0,0
630,6,30,Krishna,MOVVA,Movva,396,MOVVA,0,0,26,0.000182,0,0,0,0,0,0,0,0
1117,11,17,Kadapa,MUDDANUR,Muddanur,90,MUDDANUR,57,0.020121,312,0.002184,106,0.037418,33,0.011649,4,0.017453,39,0.013767
1238,12,38,Anantapur,MUDIGUBBA,Mudigubba,91,MUDIGUBBA,84,0.029652,1422,0.009954,151,0.053303,24,0.008472,83,0.21023,35,0.012355
646,6,46,Krishna,MUDINEPALLE,Mudinepalle,673,MUDINAPALLE,0,0,40,0.00028,1,0.000353,0,0,0,0,0,0
1003,10,3,Chittoor,MULAKALACHERUVU,Mulakalacheruvu,127,MULAKALACHERUVU,15,0.005295,344,0.002408,46,0.016238,59,0.020827,111,0.549359,21,0.007413
450,4,50,East Godavari,MUMMIDIVARAM,Mummidivaram,497,MUMMIDIVARAM,0,0,22,0.000154,0,0,0,0,1,0.000569,0,0
334,3,34,Visakhapatnam,MUNAGAPAKA,Munagapaka,534,MUNAGAPAKA,2,0.000706,51,0.000357,21,0.007413,10,0.00353,47,0.083299,0,0
301,3,1,Visakhapatnam,MUNCHINGIPUTTU,Munchingiputtu,459,MUNCHINGIPUTTU,24,0.008472,0,0,0,0,0,0,0,0,0,0
814,8,14,Prakasam,MUNDLAMURU,Mundlamuru,259,MUNDLAMURU,0,0,130,0.00091,52,0.018356,53,0.018709,48,0.485635,53,0.018709
723,7,23,Guntur,MUPPALLA,Muppalla,329,MUPPALLA,0,0,221,0.001547,1,0.000353,0,0,4,0.067833,0,0
625,6,25,Krishna,MUSUNURU,Musunuru,383,MUSUNURU,49,0.017297,167,0.001169,32,0.011296,7,0.002471,106,1.594249,0,0
929,9,29,Nellore,MUTHUKUR,Muthukur,228,MUTHUKUR,0,0,0,0,0,0,0,0,0,0,0,0
1102,11,2,Kadapa,MYLAVARAM1,Mylavaram1,72,MYLAVARAM,3,0.001059,714,0.004998,163,0.057539,5,0.001765,10,0.04466,1,0.000353
610,6,10,Krishna,MYLAVARAM2,Mylavaram2,684,MYLAVARAM (KRISHNA),53,0.018709,161,0.001127,32,0.011296,11,0.003883,69,1.325625,1,0.000353
738,7,38,Guntur,NADENDLA,Nadendla,347,NADENDLA,0,0,416,0.002912,3,0.001059,0,0,4,0.014913,0,0
1019,10,19,Chittoor,NAGALAPURAM,Nagalapuram,148,NAGALAPURAM,1,0.000353,463,0.003241,53,0.018709,9,0.003177,16,0.113828,10,0.00353
753,7,53,Guntur,NAGARAM,Nagaram,394,NAGARAM,0,0,363,0.002541,0,0,0,0,0,0,0,0
1045,10,45,Chittoor,NAGARI,Nagari,199,NAGARI,5,0.001765,991,0.006937,31,0.010943,14,0.004942,30,0.418136,78,0.027534
635,6,35,Krishna,NAGAYALANKA,Nagayalanka,404,NAGAYALANKA,0,0,11,0.000077,0,0,0,0,5,0.03421,0,0
845,8,45,Prakasam,NAGULUPPALAPADU,Naguluppalapadu,333,NAGULUPPALAPADU,4,0.001412,82,0.000574,7,0.002471,6,0.002118,12,0.118092,4,0.001412
942,9,42,Nellore,NAIDUPET,Naidupet,269,NAIDUPETA,0,0,110,0.00077,0,0,0,0,2,0.001988,3,0.001059
339,3,39,Visakhapatnam,NAKKAPALLI,Nakkapalli,662,NAKKAPALLE,18,0.006354,247,0.001729,4,0.001412,8,0.002824,116,0.239861,0,0
1242,12,42,Anantapur,NALLACHERUVU,Nallacheruvu,84,NALLACHERUVU,24,0.008472,750,0.00525,86,0.030358,72,0.025416,12,0.26709,52,0.018356
513,5,13,West Godavari,NALLAJERLA,Nallajerla,388,NALLAJERLA,7,0.002471,1754,0.012278,3,0.001059,0,0,32,0.280961,1,0.000353
1247,12,47,Anantapur,NALLAMADA,Nallamada,124,NALLAMADA,45,0.015885,709,0.004963,118,0.041654,91,0.032123,121,0.424194,27,0.009531
1240,12,40,Anantapur,NAMBULIPULIKUNTA,Nambulipulikunta,87,NAMBULIPULIKUNTA,140,0.04942,869,0.006083,106,0.037418,63,0.022239,50,0.55965,8,0.002824
1140,11,40,Kadapa,NANDALUR,Nandalur,145,NANDALUR,0,0,744,0.005208,43,0.015179,4,0.001412,41,0.639821,10,0.00353
1304,13,4,Kurnool,NANDAVARAM,Nandavaram,532,NANDAVARAM,35,0.012355,96,0.000672,94,0.033182,3,0.001059,25,0.095626,1,0.000353
130,1,30,Srikakulam,NANDIGAM,Nandigam,17,NANDIGAM,7,0.002471,65,0.000455,187,0.066011,45,0.015885,602,0.872538,46,0.016238
604,6,4,Krishna,NANDIGAMA,Nandigama,323,NANDIGAMA,16,0.005648,412,0.002884,10,0.00353,22,0.007766,0,0,3,0.001059
1308,13,8,Kurnool,NANDIKOTKUR,Nandikotkur,554,NANDI KOTKUR,19,0.006707,72,0.000504,23,0.008119,8,0.002824,4,0.028615,4,0.001412
641,6,41,Krishna,NANDIVADA,Nandivada,421,NANDIVADA,0,0,25,0.000175,0,0,0,0,15,0.010423,0,0
1334,13,34,Kurnool,NANDYAL,Nandyal,34,NANDYAL,9,0.003177,52,0.000364,13,0.004589,0,0,3,0.128253,0,0
122,1,22,Srikakulam,NARASANNAPETA,Narasannapeta,41,NARASANNAPETA,2,0.000706,183,0.001281,31,0.010943,40,0.01412,20,0.161537,0,0
545,5,45,West Godavari,NARASAPURAM,Narasapuram,455,NARASAPURAM,0,0,0,0,0,0,0,0,0,0,0,0
739,7,39,Guntur,NARASARAOPET,Narasaraopet,349,NARASARAOPETA,0,0,372,0.002604,0,0,0,0,17,0.02926,0,0
1024,10,24,Chittoor,NARAYANAVANAM,Narayanavanam,177,NARAYANAVANAM,11,0.003883,801,0.005607,22,0.007766,5,0.001765,30,0.414012,25,0.008825
1227,12,27,Anantapur,NARPALA,Narpala,58,NARPALA,8,0.002824,854,0.005978,165,0.058245,19,0.006707,96,1.291446,12,0.004236
317,3,17,Visakhapatnam,NARSIPATNAM,Narsipatnam,495,NARSIPATNAM,4,0.001412,389,0.002723,5,0.001765,3,0.001059,80,0.143537,0,0
316,3,16,Visakhapatnam,NATHAVARAM,Nathavaram,493,NATHAVARAM,8,0.002824,378,0.002646,46,0.016238,12,0.004236,106,0.22897,2,0.000706
722,7,22,Guntur,NEKARIKALLU,Nekarikallu,676,NAKARIKALLU,49,0.017297,528,0.003696,3,0.001059,6,0.002118,7,0.025946,0,0
224,2,24,Vizianagaram,NELLIMARLA,Nellimarla,566,NELLIMARLA,8,0.002824,1540,0.01078,117,0.041301,27,0.009531,55,0.314952,3,0.001059
925,9,25,Nellore,NELLORE,Nellore,626,NELLORE MANDAL,0,0,93,0.000651,1,0.000353,0,0,39,0.079177,0,0
517,5,17,West Godavari,NIDADAVOLE,Nidadavole,402,NIDADAVOLE,0,0,0,0,0,0,0,0,21,0.601724,0,0
525,5,25,West Godavari,NIDAMARRU,Nidamarru,432,NIDAMARRU,0,0,0,0,0,0,0,0,3,0.045972,0,0
1034,10,34,Chittoor,NIMMANAPALLE,Nimmanapalle,189,NIMMANAPALLE,4,0.001412,113,0.000791,44,0.015532,8,0.002824,129,0.327422,5,0.001765
1022,10,22,Chittoor,NINDRA,Nindra,137,NINDRA,3,0.001059,968,0.006776,18,0.006354,34,0.012002,40,0.240227,65,0.022945
754,7,54,Guntur,NIZAMPATNAM,Nizampatnam,387,NIZAMPATNAM,0,0,114,0.000798,0,0,0,0,0,0,0,0
744,7,44,Guntur,NUZENDLA,Nuzendla,365,NUZENDLA,0,0,132,0.000924,5,0.001765,6,0.002118,11,0.155354,0,0
623,6,23,Krishna,NUZVID,Nuzvid,364,NUZVID,61,0.021533,284,0.001988,28,0.009884,4,0.001412,95,0.953086,1,0.000353
1246,12,46,Anantapur,OBULADEVARACHERUVU,Obuladevaracheruvu,126,OBULADEVARACHERUVU,64,0.022592,807,0.005649,126,0.044478,23,0.008119,120,0.422343,28,0.009884
1144,11,44,Kadapa,OBULAVARIPALLE,Obulavaripalle,179,OBULAVARIPALLE,6,0.002118,489,0.003423,101,0.035653,15,0.005295,65,0.529717,10,0.00353
937,9,37,Nellore,OJILI,Ojili,256,OJILI,0,0,127,0.000889,10,0.00353,1,0.000353,0,0,3,0.001059
844,8,44,Prakasam,ONGOLE,Ongole,330,ONGOLE,0,0,252,0.001764,12,0.004236,8,0.002824,5,0.116593,3,0.001059
1317,13,17,Kurnool,ORVAKAL,Orvakal,589,ORVAKAL,77,0.027181,203,0.001421,152,0.053656,41,0.014473,9,0.142668,15,0.005295
1347,13,47,Kurnool,OWK,Owk,63,OWK,99,0.034947,73,0.000511,47,0.016591,5,0.001765,43,0.29062,4,0.001412
447,4,47,East Godavari,P.GANNAVARAM,P.Gannavaram,503,P GANNAVARAM,0,0,32,0.000224,0,0,0,0,0,0,0,0
212,2,12,Vizianagaram,PACHIPENTA,Pachipenta,545,PACHIPENTA,73,0.025769,17,0.000119,57,0.020121,45,0.015885,0,0,92,0.032476
310,3,10,Visakhapatnam,PADERU,Paderu,486,PADERU,61,0.021533,0,0,5,0.001765,0,0,0,0,0,0
326,3,26,Visakhapatnam,PADMANABHAM,Padmanabham,502,PADMANABHAM,22,0.007766,282,0.001974,18,0.006354,16,0.005648,85,0.217724,1,0.000353
1309,13,9,Kurnool,PAGIDYALA,Pagidyala,553,PAGIDYALA,0,0,1,0.000007,14,0.004942,1,0.000353,0,0,0,0
1042,10,42,Chittoor,PAKALA,Pakala,182,PAKALA,11,0.003883,477,0.003339,65,0.022945,26,0.009178,116,0.190628,39,0.013767
537,5,37,West Godavari,PALACODERU,Palacoderu,454,PALAKODERU,0,0,0,0,0,0,0,0,0,0,0,0
543,5,43,West Godavari,PALACOLE,Palacole,460,PALACOLE,0,0,0,0,0,0,0,0,0,0,0,0
112,1,12,Srikakulam,PALAKONDA,Palakonda,604,PALAKONDA,2,0.000706,99,0.000693,70,0.02471,19,0.006707,44,0.122876,2,0.000706
1058,10,58,Chittoor,PALAMANER,Palamaner,208,PALAMANER,4,0.001412,432,0.003024,42,0.014826,14,0.004942,58,0.496483,0,0
132,1,32,Srikakulam,PALASA,Palasa,74,PALASA,19,0.006707,65,0.000455,131,0.046243,41,0.014473,230,0.337354,25,0.008825
1048,10,48,Chittoor,PALASAMUDRAM,Palasamudram,196,PALASAMUDRAM,18,0.006354,453,0.003171,87,0.030711,40,0.01412,49,0.297835,8,0.002824
445,4,45,East Godavari,PAMARRU1,Pamarru1,634,PAMARRU (EAST GODAVARI),0,0,9,0.000063,0,0,0,0,0,0,0,0
639,6,39,Krishna,PAMARRU2,Pamarru2,399,PAMARRU,0,0,38,0.000266,0,0,0,0,0,0,0,0
1212,12,12,Anantapur,PAMIDI,Pamidi,36,PAMIDI,16,0.005648,645,0.004515,115,0.040595,20,0.00706,13,0.262493,13,0.004589
629,6,29,Krishna,PAMIDIMUKKALA,Pamidimukkala,373,PAMIDIMUKKALA,0,0,42,0.000294,0,0,0,0,3,0.0034,0,0
1314,13,14,Kurnool,PAMULAPADU,Pamulapadu,567,PAMULAPADU,10,0.00353,167,0.001169,12,0.004236,15,0.005295,0,0,2,0.000706
852,8,52,Prakasam,PAMUR,Pamur,343,PAMUR,85,0.030005,668,0.004676,71,0.025063,63,0.022239,20,0.1801,62,0.021886
1331,13,31,Kurnool,PANYAM,Panyam,43,PANYAM,48,0.016944,145,0.001015,78,0.027534,4,0.001412,12,0.527797,4,0.001412
332,3,32,Visakhapatnam,PARAVADA,Paravada,542,PARAVADA,23,0.008119,50,0.00035,13,0.004589,9,0.003177,85,0.069657,3,0.001059
821,8,21,Prakasam,PARCHUR,Parchur,268,PARCHUR,2,0.000706,266,0.001862,1,0.000353,19,0.006707,3,0.100944,12,0.004236
1258,12,58,Anantapur,PARIGI,Parigi,155,PARIGI,14,0.004942,798,0.005586,140,0.04942,19,0.006707,17,0.175492,10,0.00353
206,2,6,Vizianagaram,PARVATHIPURAM,Parvathipuram,518,PARVATHIPURAM,40,0.01412,661,0.004627,122,0.043066,19,0.006707,102,0.310277,1,0.000353
125,1,25,Srikakulam,PATHAPATNAM,Pathapatnam,27,PATHAPATNAM,6,0.002118,175,0.001225,270,0.09531,28,0.009884,252,0.347673,18,0.006354
1351,13,51,Kurnool,PATTIKONDA,Pattikonda,52,PATTIKANDA,62,0.021886,281,0.001967,149,0.052597,22,0.007766,8,0.050115,55,0.019415
338,3,38,Visakhapatnam,PAYAKARAOPETA,Payakaraopeta,556,PAYAKARAOPETA,6,0.002118,55,0.000385,6,0.002118,3,0.001059,42,0.111878,0,0
1348,13,48,Kurnool,PEAPALLY,Peapally,59,PEAPALLY,74,0.026122,15,0.000105,283,0.099899,15,0.005295,32,0.136088,11,0.003883
806,8,6,Prakasam,PEDA  ARAVEEDU,Peda  Araveedu,231,PEDAARAVEEDU,7,0.002471,1014,0.007098,30,0.01059,6,0.002118,36,0.281187,13,0.004589
302,3,2,Visakhapatnam,PEDABAYALU,Pedabayalu,461,PEDABAYALU,54,0.019062,0,0,14,0.004942,3,0.001059,0,0,1,0.000353
840,8,40,Prakasam,PEDACHERLO PALLE,Pedacherlo Palle,312,PEDACHERLOPALLE,110,0.03883,109,0.000763,94,0.033182,49,0.017297,26,0.123969,109,0.038477
331,3,31,Visakhapatnam,PEDAGANTYADA,Pedagantyada,550,PEDAGANTYADA,4,0.001412,62,0.000434,0,0,0,0,0,0,0,0
727,7,27,Guntur,PEDAKAKANI,Pedakakani,319,PEDAKAKANI,0,0,126,0.000882,0,0,0,0,4,0.019309,0,0
714,7,14,Guntur,PEDAKURAPADU,Pedakurapadu,300,PEDAKURAPADU,0,0,321,0.002247,4,0.001412,0,0,2,0.014136,0,0
644,6,44,Krishna,PEDANA,Pedana,411,PEDANA,0,0,26,0.000182,0,0,0,0,12,0.06785,0,0
746,7,46,Guntur,PEDANANDIPADU,Pedanandipadu,384,PEDANANDIPADU,0,0,330,0.00231,0,0,0,0,0,0,0,0
522,5,22,West Godavari,PEDAPADU,Pedapadu,417,PEDAPADU,0,0,6,0.000042,0,0,0,0,11,0.079546,0,0
640,6,40,Krishna,PEDAPARUPUDI,Pedaparupudi,419,PEDAPARUPUDI,0,0,3,0.000021,0,0,0,0,0,0,0,0
435,4,35,East Godavari,PEDAPUDI,Pedapudi,479,PEDAPUDI,0,0,10,0.00007,0,0,0,0,0,0,0,0
521,5,21,West Godavari,PEDAVEGI,Pedavegi,667,PADAVEGI,3,0.001059,1387,0.009709,1,0.000353,0,0,83,0.831514,0,0
1322,13,22,Kurnool,PEDDA KADUBUR,Pedda Kadubur,659,PEDDA KADUBUR,51,0.018003,25,0.000175,74,0.026122,3,0.001059,7,0.030045,0,0
1004,10,4,Chittoor,PEDDA THIPPASAMUDRAM,Pedda Thippasamudram,680,PEDDATHIPPASAMUDRA,36,0.012708,233,0.001631,35,0.012355,50,0.01765,105,0.498685,43,0.015179
1001,10,1,Chittoor,PEDDAMANDYAM,Peddamandyam,133,PEDDAMANDYAM,51,0.018003,468,0.003276,115,0.040595,80,0.02824,113,0.43587,76,0.026828
1103,11,3,Kadapa,PEDDAMUDIUM,Peddamudium,68,PEDDAMUDIUM,7,0.002471,59,0.000413,71,0.025063,1,0.000353,5,0.022258,1,0.000353
1060,10,60,Chittoor,PEDDAPANJANI,Peddapanjani,206,PEDDA PANJANI,0,0,583,0.004081,76,0.026828,93,0.032829,178,0.934183,93,0.032829
1210,12,10,Anantapur,PEDDAPAPPUR,Peddapappur,42,PEDDAPAPPUR,1,0.000353,411,0.002877,155,0.054715,26,0.009178,7,0.022867,24,0.008472
420,4,20,East Godavari,PEDDAPURAM,Peddapuram,464,PEDDAPURAM,0,0,310,0.00217,0,0,0,0,76,0.071163,0,0
1207,12,7,Anantapur,PEDDAVADUGUR,Peddavadugur,619,PEDDAVADUGUR,59,0.020827,900,0.0063,121,0.042713,23,0.008119,11,0.164927,28,0.009884
943,9,43,Nellore,PELLAKUR,Pellakur,285,PELLAKUR,0,0,45,0.000315,1,0.000353,1,0.000353,12,0.111891,3,0.001059
1141,11,41,Kadapa,PENAGALUR,Penagalur,143,PENAGALURU,22,0.007766,278,0.001946,47,0.016591,13,0.004589,25,0.280548,10,0.00353
618,6,18,Krishna,PENAMALURU,Penamaluru,348,PENAMALURU,0,0,38,0.000266,0,0,0,0,5,0.041768,0,0
1133,11,33,Kadapa,PENDLIMARRI,Pendlimarri,165,PENDLIMARRI,11,0.003883,612,0.004284,122,0.043066,23,0.008119,79,0.176487,19,0.006707
324,3,24,Visakhapatnam,PENDURTHI,Pendurthi,508,PENDURTHI,14,0.004942,110,0.00077,4,0.001412,0,0,42,0.073836,0,0
527,5,27,West Godavari,PENTAPADU,Pentapadu,426,PENTAPADU,0,0,4,0.000028,0,0,0,0,2,0.08824,0,0
603,6,3,Krishna,PENUGANCHIPROLU,Penuganchiprolu,331,PENUGANCHIPROLU,2,0.000706,206,0.001442,16,0.005648,5,0.001765,2,0.008604,0,0
540,5,40,West Godavari,PENUGONDA,Penugonda,468,PENUGONDA,0,0,0,0,0,0,0,0,0,0,0,0
1252,12,52,Anantapur,PENUKONDA,Penukonda,110,PENU KONDA,45,0.015885,1533,0.010731,233,0.082249,56,0.019768,68,0.662554,19,0.006707
539,5,39,West Godavari,PENUMANTRA,Penumantra,450,PENUMANTRA,0,0,0,0,0,0,0,0,3,0.002318,0,0
1050,10,50,Chittoor,PENUMURU,Penumuru,194,PENUMURU,3,0.001059,127,0.000889,38,0.013414,52,0.018356,50,0.134407,42,0.014826
530,5,30,West Godavari,PERAVALI,Peravali,443,PERAVALI,0,0,0,0,0,0,0,0,0,0,0,0
724,7,24,Guntur,PHIRANGIPURAM,Phirangipuram,332,PHIRANGIPURAM,0,0,286,0.002002,0,0,0,0,5,0.025094,0,0
1020,10,20,Chittoor,PICHATUR,Pichatur,142,PICHATUR,3,0.001059,594,0.004158,39,0.013767,13,0.004589,20,0.131565,28,0.009884
717,7,17,Guntur,PIDUGURALLA,Piduguralla,298,PIDUGURALLA,4,0.001412,396,0.002772,2,0.000706,1,0.000353,28,0.205945,0,0
1031,10,31,Chittoor,PILERU,Pileru,168,PILERU,5,0.001765,116,0.000812,205,0.072365,73,0.025769,157,0.186885,86,0.030358
421,4,21,East Godavari,PITHAPURAM,Pithapuram,466,PITHAPURAM,0,0,73,0.000511,1,0.000353,0,0,74,0.261852,0,0
755,7,55,Guntur,PITTALAVANIPALEM,Pittalavanipalem,389,PITTALAVANIPALEM,0,0,268,0.001876,0,0,0,0,1,0.02987,0,0
924,9,24,Nellore,PODALAKUR,Podalakur,241,PODLAKUR,0,0,501,0.003507,16,0.005648,4,0.001412,69,0.179743,22,0.007766
812,8,12,Prakasam,PODILI,Podili,263,PODILI,26,0.009178,598,0.004186,134,0.047302,21,0.007413,32,0.49194,33,0.011649
542,5,42,West Godavari,PODURU,Poduru,467,PODURU,0,0,0,0,0,0,0,0,0,0,0,0
121,1,21,Srikakulam,POLAKI,Polaki,38,POLAKI,0,0,97,0.000679,8,0.002824,8,0.002824,76,0.155237,0,0
503,5,3,West Godavari,POLAVARAM,Polavaram,379,POLAVARAM,24,0.008472,96,0.000672,45,0.015885,0,0,28,0.167522,11,0.003883
109,1,9,Srikakulam,PONDURU,Ponduru,583,PONDURU,5,0.001765,54,0.000378,104,0.036712,6,0.002118,166,0.244119,16,0.005648
841,8,41,Prakasam,PONNALURU,Ponnaluru,314,PONNALURU,44,0.015532,500,0.0035,50,0.01765,81,0.028593,16,0.269022,46,0.016238
748,7,48,Guntur,PONNUR,Ponnur,378,PONNUR,0,0,106,0.000742,0,0,0,0,0,0,0,0
1110,11,10,Kadapa,PORUMAMILLA,Porumamilla,48,PORUMAMILLA,23,0.008119,278,0.001946,67,0.023651,21,0.007413,72,0.504717,22,0.007766
410,4,10,East Godavari,PRATHIPADU1,Prathipadu1,632,PRATHIPADU (EAST GODAVARI),18,0.006354,548,0.003836,96,0.033888,13,0.004589,96,0.633418,2,0.000706
736,7,36,Guntur,PRATHIPADU2,Prathipadu2,351,PRATHIPADU,0,0,175,0.001225,0,0,0,0,14,0.089586,0,0
1115,11,15,Kadapa,PRODDATUR,Proddatur,94,PRODDUTUR,4,0.001412,274,0.001918,20,0.00706,0,0,1,0.001755,1,0.000353
1041,10,41,Chittoor,PULICHERLA,Pulicherla,183,PULICHERLA,0,0,760,0.00532,34,0.012002,19,0.006707,81,0.112595,9,0.003177
1120,11,20,Kadapa,PULIVENDLA,Pulivendla,85,PULIVENDLA,7,0.002471,31,0.000217,41,0.014473,9,0.003177,52,0.155279,8,0.002824
802,8,2,Prakasam,PULLALACHERUVU,Pullalacheruvu,238,PULLALACHERUVU,10,0.00353,456,0.003192,86,0.030358,46,0.016238,9,0.181012,36,0.012708
1145,11,45,Kadapa,PULLAMPETA,Pullampeta,178,PULLAMPETA,5,0.001765,197,0.001379,106,0.037418,6,0.002118,47,0.310997,8,0.002824
1037,10,37,Chittoor,PUNGANUR,Punganur,187,PUNGANUR,0,0,494,0.003458,37,0.013061,59,0.020827,128,0.458232,36,0.012708
225,2,25,Vizianagaram,PUSAPATIREGA,Pusapatirega,569,PUSAPATIREGA,6,0.002118,1053,0.007371,34,0.012002,4,0.001412,201,0.882314,1,0.000353
1051,10,51,Chittoor,PUTHALAPATTU,Puthalapattu,193,PUTHALAPATTU,12,0.004236,506,0.003542,27,0.009531,81,0.028593,140,0.766311,74,0.026122
1228,12,28,Anantapur,PUTLUR,Putlur,55,PUTLUR,0,0,1018,0.007126,184,0.064952,26,0.009178,7,0.046957,44,0.015532
1249,12,49,Anantapur,PUTTAPARTHI,Puttaparthi,118,PUTTAPARTHI,7,0.002471,1087,0.007609,123,0.043419,37,0.013061,51,0.333153,30,0.01059
1044,10,44,Chittoor,PUTTUR,Puttur,180,PUTTUR,11,0.003883,305,0.002135,31,0.010943,15,0.005295,26,0.255126,14,0.004942
835,8,35,Prakasam,RACHERLA,Racherla,301,RACHERLA,22,0.007766,337,0.002359,56,0.019768,57,0.020121,29,0.166552,21,0.007413
429,4,29,East Godavari,RAJAHMUNDRY (FULLY URBAN),Rajahmundry (Fully Urban),665,RAJAHMUNDRY RURAL,0,0,4,0.000028,0,0,0,0,0,0,0,0
430,4,30,East Godavari,RAJAHMUNDRY (RURAL),Rajahmundry (Rural),666,RAJAHMUNDRY (URBAN),0,0,64,0.000448,0,0,0,0,32,0.002464,0,0
104,1,4,Srikakulam,RAJAM,Rajam,568,RAJAM,2,0.000706,138,0.000966,44,0.015532,15,0.005295,318,0.516545,0,0
1139,11,39,Kadapa,RAJAMPET,Rajampet,150,RAJAMPET,7,0.002471,330,0.00231,91,0.032123,39,0.013767,52,0.588351,26,0.009178
428,4,28,East Godavari,RAJANAGARAM,Rajanagaram,470,RAJANAGARAM,0,0,260,0.00182,0,0,0,0,185,1.347675,0,0
404,4,4,East Godavari,RAJAVOMMANGI,Rajavommangi,431,RAJAVOMMANGI,222,0.078366,0,0,30,0.01059,4,0.001412,87,0.186165,3,0.001059
213,2,13,Vizianagaram,RAMABHADRAPURAM,Ramabhadrapuram,533,RAMABHADRAPURAM,10,0.00353,1698,0.011886,129,0.045537,19,0.006707,5,0.038324,0,0
1027,10,27,Chittoor,RAMACHANDRAPURAM1,Ramachandrapuram1,644,KAMMAPALLE,7,0.002471,150,0.00105,83,0.029299,7,0.002471,22,0.358192,149,0.052597
439,4,39,East Godavari,RAMACHANDRAPURAM2,Ramachandrapuram2,491,RAMACHANDRAPURAM,0,0,11,0.000077,0,0,0,0,0,0,0,0
1235,12,35,Anantapur,RAMAGIRI,Ramagiri,97,RAMAGIRI,53,0.018709,732,0.005124,163,0.057539,25,0.008825,55,0.526052,69,0.024357
1063,10,63,Chittoor,RAMAKUPPAM,Ramakuppam,203,RAMA KUPPAM,37,0.013061,1047,0.007329,48,0.016944,87,0.030711,115,0.236171,73,0.025769
1137,11,37,Kadapa,RAMAPURAM,Ramapuram,154,RAMAPURAM,0,0,393,0.002751,162,0.057186,29,0.010237,125,0.256186,66,0.023298
1036,10,36,Chittoor,RAMASAMUDRAM,Ramasamudram,188,RAMASAMUDRAM,0,0,290,0.00203,33,0.011649,38,0.013414,105,0.41111,51,0.018003
342,3,42,Visakhapatnam,RAMBILLI,Rambilli,581,RAMBILLI,8,0.002824,199,0.001393,19,0.006707,1,0.000353,109,0.074512,2,0.000706
413,4,13,East Godavari,RAMPACHODAVARAM,Rampachodavaram,436,RAMPACHODAVARAM,242,0.085426,0,0,44,0.015532,4,0.001412,74,0.144761,6,0.002118
107,1,7,Srikakulam,RANASTALAM,Ranastalam,585,RANASTALAM,7,0.002471,62,0.000434,240,0.08472,24,0.008472,539,0.63434,32,0.011296
426,4,26,East Godavari,RANGAMPETA,Rangampeta,473,RANGAMPETA,0,0,609,0.004263,0,0,0,0,118,0.21408,0,0
1232,12,32,Anantapur,RAPTADU,Raptadu,104,RAPTADU,66,0.023298,776,0.005432,109,0.038477,9,0.003177,28,0.537899,2,0.000706
923,9,23,Nellore,RAPUR,Rapur,239,RAPUR,164,0.057892,551,0.003857,40,0.01412,1,0.000353,80,0.22099,9,0.003177
319,3,19,Visakhapatnam,RAVIKAMATAM,Ravikamatam,492,RAVIKAMATHAM,28,0.009884,627,0.004389,75,0.026475,7,0.002471,169,0.524872,3,0.001059
444,4,44,East Godavari,RAVULAPALEM,Ravulapalem,506,RAVULAPALEM,0,0,2,0.000014,0,0,0,0,0,0,0,0
1149,11,49,Kadapa,RAYACHOTI,Rayachoti,649,ROYACHOTI,0,0,299,0.002093,173,0.061069,26,0.009178,39,0.238627,41,0.014473
1218,12,18,Anantapur,RAYADURG,Rayadurg,46,RAYADURG,8,0.002824,931,0.006517,156,0.055068,18,0.006354,38,0.445297,26,0.009178
440,4,40,East Godavari,RAYAVARAM,Rayavaram,514,RAYAVARAM,0,0,4,0.000028,0,0,0,0,0,0,0,0
457,4,57,East Godavari,RAZOLE,Razole,528,RAZOLE,0,0,108,0.000756,0,0,0,0,0,0,0,0
615,6,15,Krishna,REDDIGUDEM,Reddigudem,350,REDDIGUDEM,26,0.009178,451,0.003157,36,0.012708,2,0.000706,79,4.238146,3,0.001059
103,1,3,Srikakulam,REGIDIAMADALAVALASA,Regidiamadalavalasa,647,REGIDIAMADALAVALASA,0,0,90,0.00063,31,0.010943,32,0.011296,785,0.87761,34,0.012002
1012,10,12,Chittoor,RENIGUNTA,Renigunta,164,RENIGUNTA,17,0.006001,59,0.000413,11,0.003883,38,0.013414,27,0.192763,20,0.00706
702,7,2,Guntur,RENTACHINTALA,Rentachintala,674,RENTACHINTALA,0,0,330,0.00231,0,0,0,0,6,0.002837,0,0
752,7,52,Guntur,REPALLE,Repalle,392,REPALLE,0,0,302,0.002114,0,0,0,0,0,0,0,0
1253,12,53,Anantapur,RODDAM,Roddam,109,RODDAM,43,0.015179,1080,0.00756,122,0.043066,34,0.012002,61,1.892237,13,0.004589
1263,12,63,Anantapur,ROLLA,Rolla,141,ROLLA,22,0.007766,489,0.003423,194,0.068482,13,0.004589,49,0.459762,14,0.004942
318,3,18,Visakhapatnam,ROLUGUNTA,Rolugunta,490,ROLUGUNTA,20,0.00706,210,0.00147,44,0.015532,8,0.002824,121,0.488201,0,0
1030,10,30,Chittoor,ROMPICHERLA1,Rompicherla1,169,ROMPICHERLA,17,0.006001,436,0.003052,84,0.029652,47,0.016591,126,0.28131,47,0.016591
740,7,40,Guntur,ROMPICHERLA2,Rompicherla2,628,ROMPICHERLA (GUNTUR),0,0,302,0.002114,1,0.000353,1,0.000353,7,0.069132,0,0
460,4,60,East Godavari,ROWTHULAPUDI,Rowthulapudi,523,ROUTHULAPUDI,49,0.017297,540,0.00378,96,0.033888,7,0.002471,113,0.278666,2,0.000706
1337,13,37,Kurnool,RUDRAVARAM,Rudravaram,26,RUDRAVARAM,12,0.004236,265,0.001855,117,0.041301,3,0.001059,63,0.859527,2,0.000706
340,3,40,Visakhapatnam,S RAYAVARAM,S Rayavaram,524,S RAYAVARAM,9,0.003177,127,0.000889,3,0.001059,7,0.002471,33,0.786022,0,0
1106,11,6,Kadapa,S.MYDUKUR,S.Mydukur,57,S MYDUKUR,17,0.006001,751,0.005257,84,0.029652,2,0.000706,9,0.033127,4,0.001412
323,3,23,Visakhapatnam,SABBAVARAM,Sabbavaram,505,SABBAVARAM,29,0.010237,499,0.003493,40,0.01412,20,0.00706,167,0.271909,0,0
459,4,59,East Godavari,SAKHINETIPALLE,Sakhinetipalle,557,SAKHINETIPALLE,0,0,174,0.001218,0,0,0,0,0,0,0,0
211,2,11,Vizianagaram,SALUR,Salur,541,SALUR,42,0.014826,77,0.000539,83,0.029299,21,0.007413,0,0,37,0.013061
425,4,25,East Godavari,SAMALKOTA,Samalkota,457,SAMALKOTA,0,0,11,0.000077,0,0,0,0,16,0.006614,0,0
1147,11,47,Kadapa,SAMBEPALLE,Sambepalle,174,SAMBEPALLE,10,0.00353,431,0.003017,248,0.087544,42,0.014826,22,0.033656,45,0.015885
919,9,19,Nellore,SANGAM1,Sangam1,219,SANGAM,0,0,29,0.000203,0,0,0,0,5,0.043866,2,0.000706
1345,13,45,Kurnool,SANJAMALA,Sanjamala,70,SANJAMALA,96,0.033888,159,0.001113,81,0.028593,2,0.000706,14,0.460947,5,0.001765
409,4,9,East Godavari,SANKHAVARAM,Sankhavaram,424,SANKHAVARAM,21,0.007413,269,0.001883,40,0.01412,1,0.000353,29,0.230623,1,0.000353
129,1,29,Srikakulam,SANTHABOMMALI,Santhabommali,44,SANTHABOMMALI,0,0,53,0.000371,41,0.014473,37,0.013061,283,0.322087,1,0.000353
110,1,10,Srikakulam,SANTHAKAVITI,Santhakaviti,610,SANTHAKAVITI,0,0,13,0.000091,43,0.015179,5,0.001765,269,0.625775,19,0.006707
818,8,18,Prakasam,SANTHAMAGULURU,Santhamaguluru,251,SANTHAMAGULURU,1,0.000353,578,0.004046,1,0.000353,22,0.007766,17,0.31053,11,0.003883
843,8,43,Prakasam,SANTHANUTHALA PADU,Santhanuthala Padu,311,SANTHANUTHLAPADU,0,0,295,0.002065,18,0.006354,5,0.001765,14,0.183887,29,0.010237
1064,10,64,Chittoor,SANTHIPURAM,Santhipuram,202,SANTHI PURAM,37,0.013061,1180,0.00826,65,0.022945,182,0.064246,119,0.359578,128,0.045184
124,1,24,Srikakulam,SARAVAKOTA,Saravakota,35,SARAVAKOTA,7,0.002471,400,0.0028,224,0.079072,89,0.031417,268,0.528306,12,0.004236
117,1,17,Srikakulam,SARUBUJJILI,Sarubujjili,595,SARUBUJJILI,1,0.000353,21,0.000147,85,0.030005,19,0.006707,119,0.184625,27,0.009531
715,7,15,Guntur,SATTENAPALLE,Sattenapalle,302,SATTENAPALLE,0,0,215,0.001505,0,0,0,0,3,0.061211,0,0
1018,10,18,Chittoor,SATYAVEDU,Satyavedu,149,SATYAVEDU,7,0.002471,358,0.002506,23,0.008119,4,0.001412,125,0.601405,24,0.008472
742,7,42,Guntur,SAVALYAPURAM,Savalyapuram,367,SAVALYAPURAM,0,0,172,0.001204,10,0.00353,4,0.001412,13,0.035399,0,0
113,1,13,Srikakulam,SEETHAMPETA,Seethampeta,608,SEETHAMPETA,70,0.02471,34,0.000238,330,0.11649,114,0.040242,184,0.270625,95,0.033535
415,4,15,East Godavari,SEETHANAGARAM1,Seethanagaram1,451,SEETHANAGARAM,2,0.000706,148,0.001036,0,0,0,0,0,0,0,0
208,2,8,Vizianagaram,SEETHANAGARAM2,Seethanagaram2,635,SEETHANAGARAM (VIZIANAGARAM),1,0.000353,1220,0.00854,34,0.012002,10,0.00353,57,0.110352,4,0.001412
901,9,1,Nellore,SEETHARAMAPURAM,Seetharamapuram,217,SEETHARAMAPURAM,39,0.013767,548,0.003836,15,0.005295,3,0.001059,18,0.059276,3,0.001059
1221,12,21,Anantapur,SETTUR,Settur,78,SETTUR,106,0.037418,673,0.004711,138,0.048714,25,0.008825,6,0.280698,55,0.019415
1130,11,30,Kadapa,SIDHOUT,Sidhout,111,SIDHOUT,2,0.000706,463,0.003241,60,0.02118,43,0.015179,8,0.011434,2,0.000706
1118,11,18,Kadapa,SIMHADRIPURAM,Simhadripuram,88,SIMHADRIPURAM,5,0.001765,205,0.001435,109,0.038477,15,0.005295,12,0.065421,23,0.008119
1211,12,11,Anantapur,SINGANAMALA,Singanamala,39,SINGANAMALA,49,0.017297,1240,0.00868,156,0.055068,12,0.004236,7,1.392915,9,0.003177
856,8,56,Prakasam,SINGARAYAKONDA,Singarayakonda,359,SINGARAYAKONDA,1,0.000353,335,0.002345,1,0.000353,34,0.012002,12,0.052822,5,0.001765
1336,13,36,Kurnool,SIRVEL,Sirvel,29,SIRVEL,2,0.000706,91,0.000637,24,0.008472,2,0.000706,1,0.089644,0,0
1040,10,40,Chittoor,SODAM,Sodam,184,SODAM,1,0.000353,127,0.000889,61,0.021533,40,0.01412,202,0.235419,33,0.011649
1039,10,39,Chittoor,SOMALA,Somala,185,SOMALA,3,0.001059,119,0.000833,78,0.027534,32,0.011296,139,0.311396,25,0.008825
1254,12,54,Anantapur,SOMANDEPALLE,Somandepalle,166,SOMANDEPALLE,40,0.01412,1024,0.007168,171,0.060363,22,0.007766,119,0.891386,29,0.010237
134,1,34,Srikakulam,SOMPETA,Sompeta,67,SOMPETA,7,0.002471,46,0.000322,78,0.027534,16,0.005648,86,0.130536,1,0.000353
1151,11,51,Kadapa,SRI AVADHUTHA KASINAYANA,Sri Avadhutha Kasinayana,651,NARSAPUR,43,0.015179,844,0.005908,143,0.050479,10,0.00353,25,0.097485,30,0.01059
119,1,19,Srikakulam,SRIKAKULAM,Srikakulam,642,SRIKAKULAM MANDAL,1,0.000353,100,0.0007,20,0.00706,16,0.005648,119,0.215694,6,0.002118
1014,10,14,Chittoor,SRIKALAHASTI,Srikalahasti,159,SRIKALAHASTI,106,0.037418,717,0.005019,26,0.009178,46,0.016238,168,0.868585,22,0.007766
1047,10,47,Chittoor,SRIRANGARAJAPURAM,Srirangarajapuram,197,SRIRANGARAJAPURAM,3,0.001059,479,0.003353,153,0.054009,140,0.04942,45,0.215281,52,0.018356
1312,13,12,Kurnool,SRISAILAM,Srisailam,574,SRISAILAM,0,0,1,0.000007,0,0,0,0,0,0,0,0
230,2,30,Vizianagaram,SRUNGAVARAPUKOTA,Srungavarapukota,559,SRUNGAVARAPUKOTA,0,0,856,0.005992,44,0.015532,3,0.001059,211,0.865237,0,0
945,9,45,Nellore,SULLURPETA,Sullurpeta,279,SULLURPETA,0,0,89,0.000623,1,0.000353,7,0.002471,0,0,15,0.005295
933,9,33,Nellore,SYDAPURAM,Sydapuram,264,SYDAPURAM,0,0,540,0.00378,28,0.009884,1,0.000353,1,0.007656,9,0.003177
1146,11,46,Kadapa,T SUNDUPALLE,T Sundupalle,176,T SUNDUPALLE,10,0.00353,689,0.004823,197,0.069541,66,0.023298,100,0.195599,76,0.026828
508,5,8,West Godavari,T.NARASAPURAM,T.Narasapuram,372,T NARASAPURAM,57,0.020121,685,0.004795,12,0.004236,2,0.000706,19,0.448447,1,0.000353
946,9,46,Nellore,TADA,Tada,282,TADA,0,0,26,0.000182,0,0,4,0.001412,12,0.052063,2,0.000706
711,7,11,Guntur,TADEPALLE,Tadepalle,290,THADEPALLE,0,0,3,0.000021,0,0,0,0,5,0.017773,0,0
518,5,18,West Godavari,TADEPALLIGUDEM,Tadepalligudem,398,TADEPALLIGUDEM,5,0.001765,297,0.002079,0,0,0,0,43,0.414981,0,0
713,7,13,Guntur,TADIKONDA,Tadikonda,306,TADIKONDA,1,0.000353,224,0.001568,0,0,0,0,5,0.100475,0,0
1230,12,30,Anantapur,TADIMARRI,Tadimarri,51,TADIMARRI,6,0.002118,1136,0.007952,149,0.052597,25,0.008825,195,0.869444,17,0.006001
1209,12,9,Anantapur,TADPATRI,Tadpatri,616,TADPATRI,0,0,538,0.003766,106,0.037418,10,0.00353,34,0.331,10,0.00353
504,5,4,West Godavari,TALLAPUDI,Tallapudi,382,THALLAPUDI,9,0.003177,111,0.000777,0,0,0,0,3,0.006896,0,0
1239,12,39,Anantapur,TALUPULA,Talupula,89,TALUPULA,95,0.033535,471,0.003297,87,0.030711,12,0.004236,73,0.298177,20,0.00706
1241,12,41,Anantapur,TANAKAL,Tanakal,86,TANAKAL,35,0.012355,673,0.004711,132,0.046596,122,0.043066,67,0.571415,81,0.028593
848,8,48,Prakasam,TANGUTUR,Tangutur,320,TANGUTUR,0,0,190,0.00133,8,0.002824,121,0.042713,11,0.124907,13,0.004589
528,5,28,West Godavari,TANUKU,Tanuku,429,TANUKU,0,0,1,0.000007,0,0,0,0,0,0,0,0
810,8,10,Prakasam,TARLUPADU,Tarlupadu,247,TARLAPADU,21,0.007413,216,0.001512,128,0.045184,46,0.016238,40,0.353949,51,0.018003
127,1,27,Srikakulam,TEKKALI,Tekkali,22,TEKKALI,11,0.003883,124,0.000868,102,0.036006,27,0.009531,187,0.275213,1,0.000353
732,7,32,Guntur,TENALI,Tenali,335,TENALI,0,0,310,0.00217,0,0,0,0,3,0.02391,0,0
437,4,37,East Godavari,THALLAREVU,Thallarevu,494,THALLAREVU,0,0,23,0.000161,0,0,0,0,7,0.015166,0,0
815,8,15,Prakasam,THALLUR,Thallur,253,THALLUR,0,0,280,0.00196,47,0.016591,10,0.00353,17,0.066798,10,0.00353
1002,10,2,Chittoor,THAMBALLAPALLE,Thamballapalle,130,THAMBALLAPALLE,28,0.009884,463,0.003241,76,0.026828,42,0.014826,64,0.279811,42,0.014826
1053,10,53,Chittoor,THAVANAMPALLE,Thavanampalle,191,THAVANAMPALLE,6,0.002118,350,0.00245,57,0.020121,45,0.015885,25,0.225722,14,0.004942
215,2,15,Vizianagaram,THERLAM,Therlam,526,THERLAM,5,0.001765,957,0.006699,114,0.040242,26,0.009178,3,0.175509,1,0.000353
407,4,7,East Godavari,THONDANGI,Thondangi,428,THONDANGI,0,0,195,0.001365,0,0,0,0,34,0.0804,0,0
1122,11,22,Kadapa,THONDUR,Thondur,134,THANDUR,14,0.004942,51,0.000357,94,0.033182,55,0.019415,85,0.322234,38,0.013414
928,9,28,Nellore,THOTAPALLIGUDUR,Thotapalligudur,234,THOTAPALLIGUDUR,0,0,0,0,0,0,0,0,24,0.121014,0,0
619,6,19,Krishna,THOTLAVALLURU,Thotlavalluru,345,THOTLAVALLURU,0,0,17,0.000119,0,0,0,0,0,0,0,0
1015,10,15,Chittoor,THOTTAMBEDU,Thottambedu,156,THOTTAMBEDU,8,0.002824,747,0.005229,32,0.011296,12,0.004236,102,0.433689,22,0.007766
710,7,10,Guntur,THULLUR,Thullur,288,THULLUR,12,0.004236,58,0.000406,2,0.000706,0,0,2,0.003575,0,0
1026,10,26,Chittoor,TIRUPATI (RURAL),Tirupati (Rural),643,TIRUPATI,2,0.000706,18,0.000126,15,0.005295,1,0.000353,7,0.03031,2,0.000706
1011,10,11,Chittoor,TIRUPATI (URBAN),Tirupati (Urban),107,TIRUPATI URBAN,4,0.001412,33,0.000231,6,0.002118,0,0,1,0.01379,0,0
613,6,13,Krishna,TIRUVURU,Tiruvuru,354,TIRUVURU,5,0.001765,764,0.005348,13,0.004589,1,0.000353,66,1.077245,8,0.002824
803,8,3,Prakasam,TRIPURANTHAKAM,Tripuranthakam,240,TRIPURANTHAKAM,11,0.003883,715,0.005005,56,0.019768,11,0.003883,27,0.445659,43,0.015179
733,7,33,Guntur,TSUNDUR,Tsundur,338,TSUNDUR,0,0,244,0.001708,0,0,0,0,0,0,0,0
1350,13,50,Kurnool,TUGGALI,Tuggali,53,TUGGALI,31,0.010943,73,0.000511,133,0.046949,24,0.008472,54,0.52105,27,0.009531
406,4,6,East Godavari,TUNI,Tuni,425,TUNI,48,0.016944,709,0.004963,62,0.021886,2,0.000706,124,0.447137,0,0
910,9,10,Nellore,UDAYAGIRI,Udayagiri,225,UDAYAGIRI,92,0.032476,548,0.003836,46,0.016238,10,0.00353,88,0.188055,22,0.007766
855,8,55,Prakasam,ULAVAPADU,Ulavapadu,356,ULAVAPADU,0,0,452,0.003164,0,0,2,0.000706,21,0.413826,32,0.011296
533,5,33,West Godavari,UNDI,Undi,442,UNDI,0,0,3,0.000021,0,0,0,0,0,0,0,0
529,5,29,West Godavari,UNDRAJAVARAM,Undrajavaram,423,UNDRAJAVARAM,0,0,0,0,0,0,0,0,0,0,0,0
519,5,19,West Godavari,UNGUTUR,Ungutur,629,UNGUTURU (WEST GODAVARI),0,0,537,0.003759,0,0,0,0,33,0.258539,0,0
627,6,27,Krishna,UNGUTURU,Unguturu,377,UNGUTURU,0,0,121,0.000847,0,0,0,0,15,0.075298,0,0
453,4,53,East Godavari,UPPALAGUPTAM,Uppalaguptam,543,UPPALAGUPTAM,0,0,32,0.000224,0,0,0,0,2,0.000374,0,0
1215,12,15,Anantapur,URAVAKONDA,Uravakonda,28,URAVAKONDA,30,0.01059,611,0.004277,72,0.025416,16,0.005648,9,0.101686,21,0.007413
1340,13,40,Kurnool,UYYALAWADA,Uyyalawada,21,UYYALAWADA,25,0.008825,80,0.00056,5,0.001765,3,0.001059,5,0.036256,15,0.005295
1025,10,25,Chittoor,VADAMALAPETA,Vadamalapeta,175,VADAMALAPETA,21,0.007413,291,0.002037,57,0.020121,18,0.006354,13,0.13993,29,0.010237
1204,12,4,Anantapur,VAJRAKARUR,Vajrakarur,599,VAJRAKARUR,29,0.010237,1407,0.009849,98,0.034594,25,0.008825,8,0.071983,31,0.010943
131,1,31,Srikakulam,VAJRAPUKOTHURU,Vajrapukothuru,20,VAJRAPUKOTHURU,0,0,68,0.000476,114,0.040242,38,0.013414,105,0.131137,1,0.000353
940,9,40,Nellore,VAKADU,Vakadu,270,VAKADU,0,0,6,0.000042,0,0,0,0,36,0.076939,0,0
1126,11,26,Kadapa,VALLUR,Vallur,123,VALLUR,1,0.000353,482,0.003374,63,0.022239,3,0.001059,23,0.091572,1,0.000353
102,1,2,Srikakulam,VANGARA,Vangara,575,VANGARA,0,0,82,0.000574,15,0.005295,5,0.001765,121,0.193017,0,0
1017,10,17,Chittoor,VARADAIAHPALEM,Varadaiahpalem,151,VARADAIAHPALEM,13,0.004589,244,0.001708,20,0.00706,3,0.001059,107,0.612111,5,0.001765
464,4,64,East Godavari,VARARAMACHANDRAPURAM,Vararamachandrapuram,573,VARARAMACHANDRAPUR,0,0,17,0.000119,0,0,0,0,35,0.054238,0,0
902,9,2,Nellore,VARIKUNTAPADU,Varikuntapadu,218,VARIKUNTAPADU,64,0.022592,299,0.002093,56,0.019768,2,0.000706,95,0.260559,4,0.001412
602,6,2,Krishna,VATSAVAI,Vatsavai,328,VATSAVAI,22,0.007766,355,0.002485,12,0.004236,7,0.002471,18,0.154901,5,0.001765
735,7,35,Guntur,VATTICHERUKURU,Vatticherukuru,358,VATTICHERUKURU,0,0,71,0.000497,0,0,0,0,2,0.02763,0,0
1033,10,33,Chittoor,VAYALPAD,Vayalpad,645,VALMIKIPURAM,0,0,441,0.003087,58,0.020474,42,0.014826,28,0.327124,56,0.019768
1043,10,43,Chittoor,VEDURUKUPPAM,Vedurukuppam,181,VEDURU KUPPAM,5,0.001765,546,0.003822,102,0.036006,89,0.031417,92,0.196866,93,0.032829
1138,11,38,Kadapa,VEERABALLE,Veeraballe,152,VEERABALLE,0,0,13,0.000091,131,0.046243,49,0.017297,250,0.979527,83,0.029299
101,1,1,Srikakulam,VEERAGHATTAM,Veeraghattam,570,VEERAGHATTAM,2,0.000706,56,0.000392,60,0.02118,58,0.020474,1,0.001169,5,0.001765
1123,11,23,Kadapa,VEERAPUNAYUNIPALLE,Veerapunayunipalle,131,VEERAPUNAYUNIPALLE,13,0.004589,87,0.000609,147,0.051891,13,0.004589,3,0.008994,20,0.00706
538,5,38,West Godavari,VEERAVASARAM,Veeravasaram,448,VEERAVASARAM,0,0,0,0,0,0,0,0,0,0,0,0
607,6,7,Krishna,VEERULLAPADU,Veerullapadu,668,VEERULLAPADU,33,0.011649,225,0.001575,37,0.013061,2,0.000706,15,0.173254,0,0
548,5,48,West Godavari,VELAIRPADU,Velairpadu,477,VELAIRPAD,0,0,0,0,0,0,0,0,0,0,0,0
720,7,20,Guntur,VELDURTHI1,Veldurthi1,313,VELDURTHI,159,0.056127,84,0.000588,0,0,0,0,5,0.223933,1,0.000353
1329,13,29,Kurnool,VELDURTHI2,Veldurthi2,641,VELDURTHI (KURNOOL),106,0.037418,158,0.001106,215,0.075895,5,0.001765,25,0.324539,3,0.001059
1313,13,13,Kurnool,VELGODE,Velgode,658,VELGODE,4,0.001412,59,0.000413,1,0.000353,0,0,8,0.18997,0,0
839,8,39,Prakasam,VELIGANDLA,Veligandla,294,VELIGANDLA,17,0.006001,227,0.001589,163,0.057539,98,0.034594,27,0.113037,50,0.01765
1134,11,34,Kadapa,VEMPALLE,Vempalle,162,VEMPALLE,4,0.001412,252,0.001764,129,0.045537,17,0.006001,36,0.202987,11,0.003883
1121,11,21,Kadapa,VEMULA,Vemula,83,VEMULA,4,0.001412,203,0.001421,151,0.053303,14,0.004942,10,0.055082,7,0.002471
731,7,31,Guntur,VEMURU,Vemuru,342,VEMURU,0,0,248,0.001736,0,0,0,0,0,0,0,0
930,9,30,Nellore,VENKATACHALAM,Venkatachalam,246,VENKATACHALAM,0,0,40,0.00028,1,0.000353,0,0,35,0.016218,0,0
935,9,35,Nellore,VENKATAGIRI,Venkatagiri,260,VENKATAGIRI,48,0.016944,714,0.004998,20,0.00706,0,0,35,0.223748,1,0.000353
1062,10,62,Chittoor,VENKATAGIRIKOTA,Venkatagirikota,204,VENKATAGIRI KOTA,24,0.008472,274,0.001918,122,0.043066,57,0.020121,78,0.206693,47,0.016591
231,2,31,Vizianagaram,VEPADA,Vepada,611,VEPADA,0,0,508,0.003556,145,0.051185,16,0.005648,191,0.959179,0,0
824,8,24,Prakasam,VETAPALEM,Vetapalem,278,VETAPALEM,0,0,3,0.000021,1,0.000353,0,0,0,0,0,0
1203,12,3,Anantapur,VIDAPANAKAL,Vidapanakal,602,VIDAPANAKAL,5,0.001765,565,0.003955,21,0.007413,15,0.005295,2,1.059307,9,0.003177
916,9,16,Nellore,VIDAVALUR,Vidavalur,220,VIDAVALUR,0,0,0,0,0,0,0,0,5,0.010232,0,0
1021,10,21,Chittoor,VIJAYAPURAM,Vijayapuram,139,VIJAYA PURAM,8,0.002824,733,0.005131,12,0.004236,7,0.002471,115,1.224795,33,0.011649
617,6,17,Krishna,VIJAYAWADA (RURAL),Vijayawada (Rural),346,VIJAYAWADA URBAN,43,0.015179,19,0.000133,3,0.001059,2,0.000706,25,0.547954,0,0
616,6,16,Krishna,VIJAYAWADA (URBAN),Vijayawada (Urban),352,VIJAYAWADA RURAL,0,0,71,0.000497,0,0,0,0,4,0.01304,1,0.000353
908,9,8,Nellore,VINJAMUR,Vinjamur,213,VINJAMUR,76,0.026828,361,0.002527,20,0.00706,3,0.001059,84,0.290387,29,0.010237
743,7,43,Guntur,VINUKONDA,Vinukonda,362,VINUKONDA,0,0,271,0.001897,18,0.006354,1,0.000353,20,0.364651,7,0.002471
328,3,28,Visakhapatnam,VISAKHAPATNAM(R),Visakhapatnam(R),686,VISAKHAPATNAM MANDAL1,6,0.002118,32,0.000224,0,0,0,0,0,0,0,0
329,3,29,Visakhapatnam,VISAKHAPATNAM(U),Visakhapatnam(U),685,VISAKHAPATNAM MANDAL,0,0,28,0.000196,0,0,0,0,5,0.00325,0,0
614,6,14,Krishna,VISSANNAPET,Vissannapet,357,VISSANNAPET,25,0.008825,456,0.003192,24,0.008472,29,0.010237,78,2.317982,38,0.013414
228,2,28,Vizianagaram,VIZIANAGARAM,Vizianagaram,640,VIZIANAGARAM MANDAL,0,0,825,0.005775,34,0.012002,1,0.000353,133,0.748807,0,0
851,8,51,Prakasam,VOLETIVARIPALEM,Voletivaripalem,341,VOLETIVARIPALEM,61,0.021533,102,0.000714,50,0.01765,29,0.010237,45,0.307745,53,0.018709
1129,11,29,Kadapa,VONTIMITTA,Vontimitta,115,VONTIMITTA,0,0,862,0.006034,106,0.037418,35,0.012355,29,0.276888,2,0.000706
628,6,28,Krishna,VUYYURU,Vuyyuru,370,VUYYURU,0,0,19,0.000133,0,0,0,0,0,0,0,0
402,4,2,East Godavari,Y.RAMAVARAM,Y.Ramavaram,409,Y RAMAVARAM,64,0.022592,0,0,36,0.012708,9,0.003177,22,0.017651,0,0
1056,10,56,Chittoor,YADAMARRI,Yadamarri,210,YADAMARI,46,0.016238,484,0.003388,47,0.016591,24,0.008472,44,0.117677,14,0.004942
1208,12,8,Anantapur,YADIKI,Yadiki,618,YADIKI,8,0.002824,367,0.002569,203,0.071659,58,0.020474,21,0.331192,35,0.012355
819,8,19,Prakasam,YEDDANAPUDI,Yeddanapudi,245,YEDDANAPUDI,8,0.002824,401,0.002807,11,0.003883,26,0.009178,0,0,43,0.015179
341,3,41,Visakhapatnam,YELAMANCHILI1,Yelamanchili1,639,YELAMANCHILI (VISAKHAPATNAM),15,0.005295,408,0.002856,26,0.009178,4,0.001412,44,0.191411,0,0
544,5,44,West Godavari,YELAMANCHILI2,Yelamanchili2,463,YELAMANCHILI,0,0,0,0,0,0,0,0,0,0,0,0
411,4,11,East Godavari,YELESWARAM,Yeleswaram,440,YELESWARAM,0,0,253,0.001771,11,0.003883,3,0.001059,94,0.162727,1,0.000353
1229,12,29,Anantapur,YELLANUR,Yellanur,82,YELLANUR,0,0,552,0.003864,147,0.051891,24,0.008472,30,0.241863,28,0.009884
1321,13,21,Kurnool,YEMMIGANUR,Yemmiganur,612,YEMMIGANUR,41,0.014473,52,0.000364,136,0.048008,11,0.003883,20,0.167879,3,0.001059
1013,10,13,Chittoor,YERPEDU,Yerpedu,161,YERPEDU,20,0.00706,368,0.002576,56,0.019768,23,0.008119,113,0.794788,47,0.016591
801,8,1,Prakasam,YERRAGONDAPALEM,Yerragondapalem,243,YERRAGONDAPALEM,33,0.011649,897,0.006279,77,0.027181,31,0.010943,39,0.41902,29,0.010237
1124,11,24,Kadapa,YERRAGUNTLA,Yerraguntla,128,YERRAGUNTLA,1,0.000353,854,0.005978,82,0.028946,1,0.000353,6,0.032483,1,0.000353
1010,10,10,Chittoor,YERRAVARIPALEM,Yerravaripalem,681,YARRAVARIPALEM,50,0.01765,242,0.001694,48,0.016944,56,0.019768,199,0.315812,101,0.035653
849,8,49,Prakasam,ZARUGUMILLI,Zarugumilli,322,ZARUGUMILLI,19,0.006707,159,0.001113,14,0.004942,28,0.009884,7,0.010142,66,0.023298
716,7,16,Guntur,RAJUPALEM1,Rajupalem1,296,RAJUPALEM,0,0,209,0.001463,0,0,0,0,4,0.049903,0,0
1104,11,4,Kadapa,RAJUPALEM2,Rajupalem2,65,RAJU PALEM,8,0.002824,309,0.002163,14,0.004942,0,0,0,0,0,0
